-- phpMyAdmin SQL Dump
-- version 5.2.0
-- https://www.phpmyadmin.net/
--
-- Host: 127.0.0.1
-- Generation Time: Jan 31, 2023 at 09:49 AM
-- Server version: 10.4.25-MariaDB
-- PHP Version: 8.1.10

SET SQL_MODE = "NO_AUTO_VALUE_ON_ZERO";
START TRANSACTION;
SET time_zone = "+00:00";


/*!40101 SET @OLD_CHARACTER_SET_CLIENT=@@CHARACTER_SET_CLIENT */;
/*!40101 SET @OLD_CHARACTER_SET_RESULTS=@@CHARACTER_SET_RESULTS */;
/*!40101 SET @OLD_COLLATION_CONNECTION=@@COLLATION_CONNECTION */;
/*!40101 SET NAMES utf8mb4 */;

--
-- Database: `rers`
--

-- --------------------------------------------------------

--
-- Table structure for table `blocks`
--

CREATE TABLE `blocks` (
  `blockname` varchar(3) NOT NULL
) ENGINE=InnoDB DEFAULT CHARSET=utf8mb4;

--
-- Dumping data for table `blocks`
--

INSERT INTO `blocks` (`blockname`) VALUES
('04A'),
('08A'),
('09A');

-- --------------------------------------------------------

--
-- Table structure for table `composite`
--

CREATE TABLE `composite` (
  `compositeid` int(100) NOT NULL,
  `blockname` varchar(3) DEFAULT NULL,
  `floornum` int(2) UNSIGNED ZEROFILL DEFAULT NULL,
  `roomname` char(1) DEFAULT NULL,
  `housenum` int(2) UNSIGNED ZEROFILL DEFAULT NULL,
  `rstatusid` int(10) DEFAULT NULL,
  `slotnum` int(10) DEFAULT NULL
) ENGINE=InnoDB DEFAULT CHARSET=utf8mb4;

--
-- Dumping data for table `composite`
--

INSERT INTO `composite` (`compositeid`, `blockname`, `floornum`, `roomname`, `housenum`, `rstatusid`, `slotnum`) VALUES
(1, '04A', 01, 'A', 04, 1, 0),
(2, '04A', 01, 'B', 04, 1, 0),
(3, '04A', 01, 'C', 04, 1, 0),
(4, '04A', 01, 'I', 04, 1, 0),
(5, '04A', 01, 'A', 10, 1, 0),
(6, '04A', 01, 'B', 10, 1, 0),
(7, '04A', 01, 'C', 10, 1, 0),
(8, '04A', 01, 'I', 10, 1, 0),
(9, '04A', 01, 'A', 11, 1, 0),
(10, '04A', 01, 'B', 11, 1, 0),
(11, '04A', 01, 'C', 11, 1, 0),
(12, '04A', 01, 'I', 11, 1, 0),
(13, '04A', 01, 'A', 13, 1, 0),
(14, '04A', 01, 'B', 13, 1, 0),
(15, '04A', 01, 'C', 13, 1, 0),
(16, '04A', 01, 'I', 13, 1, 0),
(17, '04A', 01, 'A', 14, 1, 0),
(18, '04A', 01, 'B', 14, 1, 0),
(19, '04A', 01, 'C', 14, 1, 0),
(20, '04A', 01, 'I', 14, 1, 0),
(21, '04A', 02, 'A', 01, 1, 0),
(22, '04A', 02, 'B', 01, 1, 0),
(23, '04A', 02, 'C', 01, 1, 0),
(24, '04A', 02, 'I', 01, 1, 0),
(25, '04A', 02, 'A', 03, 1, 0),
(26, '04A', 02, 'B', 03, 1, 0),
(27, '04A', 02, 'C', 03, 1, 0),
(28, '04A', 02, 'I', 03, 1, 0),
(29, '04A', 02, 'A', 04, 1, 0),
(30, '04A', 02, 'B', 04, 1, 0),
(31, '04A', 02, 'C', 04, 1, 0),
(32, '04A', 02, 'I', 04, 1, 0),
(33, '04A', 02, 'A', 05, 1, 0),
(34, '04A', 02, 'B', 05, 1, 0),
(35, '04A', 02, 'C', 05, 1, 0),
(36, '04A', 02, 'I', 05, 1, 0),
(37, '04A', 02, 'A', 09, 1, 0),
(38, '04A', 02, 'B', 09, 1, 0),
(39, '04A', 02, 'C', 09, 1, 0),
(40, '04A', 02, 'I', 09, 1, 0),
(41, '04A', 02, 'A', 10, 1, 0),
(42, '04A', 02, 'B', 10, 1, 0),
(43, '04A', 02, 'C', 10, 1, 0),
(44, '04A', 02, 'I', 10, 1, 0),
(45, '04A', 02, 'A', 11, 1, 0),
(46, '04A', 02, 'B', 11, 1, 0),
(47, '04A', 02, 'C', 11, 1, 0),
(48, '04A', 02, 'I', 11, 1, 0),
(49, '04A', 02, 'A', 13, 1, 0),
(50, '04A', 02, 'B', 13, 1, 0),
(51, '04A', 02, 'C', 13, 1, 0),
(52, '04A', 02, 'I', 13, 1, 0),
(53, '04A', 02, 'A', 14, 1, 0),
(54, '04A', 02, 'B', 14, 1, 0),
(55, '04A', 02, 'C', 14, 1, 0),
(56, '04A', 02, 'I', 14, 1, 0),
(57, '04A', 02, 'A', 15, 1, 0),
(58, '04A', 02, 'B', 15, 1, 0),
(59, '04A', 02, 'C', 15, 1, 0),
(60, '04A', 02, 'I', 15, 1, 0),
(61, '04A', 02, 'A', 17, 1, 0),
(62, '04A', 02, 'B', 17, 1, 0),
(63, '04A', 02, 'C', 17, 1, 0),
(64, '04A', 02, 'I', 17, 1, 0),
(65, '04A', 02, 'A', 18, 1, 0),
(66, '04A', 02, 'B', 18, 1, 0),
(67, '04A', 02, 'C', 18, 1, 0),
(68, '04A', 02, 'I', 18, 1, 0),
(69, '04A', 02, 'A', 22, 1, 0),
(70, '04A', 02, 'B', 22, 1, 0),
(71, '04A', 02, 'C', 22, 1, 0),
(72, '04A', 02, 'I', 22, 1, 0),
(73, '04A', 02, 'A', 23, 1, 0),
(74, '04A', 02, 'B', 23, 1, 0),
(75, '04A', 02, 'C', 23, 1, 0),
(76, '04A', 02, 'I', 23, 1, 0),
(77, '04A', 02, 'A', 24, 1, 0),
(78, '04A', 02, 'B', 24, 1, 0),
(79, '04A', 02, 'C', 24, 1, 0),
(80, '04A', 02, 'I', 24, 1, 0),
(81, '04A', 02, 'A', 25, 1, 0),
(82, '04A', 02, 'B', 25, 1, 0),
(83, '04A', 02, 'C', 25, 1, 0),
(84, '04A', 02, 'I', 25, 1, 0),
(85, '04A', 03, 'A', 01, 1, 0),
(86, '04A', 03, 'B', 01, 1, 0),
(87, '04A', 03, 'C', 01, 1, 0),
(88, '04A', 03, 'I', 01, 1, 0),
(89, '04A', 03, 'A', 03, 1, 0),
(90, '04A', 03, 'B', 03, 1, 0),
(91, '04A', 03, 'C', 03, 1, 0),
(92, '04A', 03, 'I', 03, 1, 0),
(93, '04A', 03, 'A', 04, 1, 0),
(94, '04A', 03, 'B', 04, 1, 0),
(95, '04A', 03, 'C', 04, 1, 0),
(96, '04A', 03, 'I', 04, 1, 0),
(97, '04A', 03, 'A', 05, 1, 0),
(98, '04A', 03, 'B', 05, 1, 0),
(99, '04A', 03, 'C', 05, 1, 0),
(100, '04A', 03, 'I', 05, 1, 0),
(101, '04A', 03, 'A', 09, 1, 0),
(102, '04A', 03, 'B', 09, 1, 0),
(103, '04A', 03, 'C', 09, 1, 0),
(104, '04A', 03, 'I', 09, 1, 0),
(105, '04A', 03, 'A', 10, 1, 0),
(106, '04A', 03, 'B', 10, 1, 0),
(107, '04A', 03, 'C', 10, 1, 0),
(108, '04A', 03, 'I', 10, 1, 0),
(109, '04A', 03, 'A', 11, 1, 0),
(110, '04A', 03, 'B', 11, 1, 0),
(111, '04A', 03, 'C', 11, 1, 0),
(112, '04A', 03, 'I', 11, 1, 0),
(113, '04A', 03, 'A', 13, 1, 0),
(114, '04A', 03, 'B', 13, 1, 0),
(115, '04A', 03, 'C', 13, 1, 0),
(116, '04A', 03, 'I', 13, 1, 0),
(117, '04A', 03, 'A', 14, 1, 0),
(118, '04A', 03, 'B', 14, 1, 0),
(119, '04A', 03, 'C', 14, 1, 0),
(120, '04A', 03, 'I', 14, 1, 0),
(121, '04A', 03, 'A', 15, 1, 0),
(122, '04A', 03, 'B', 15, 1, 0),
(123, '04A', 03, 'C', 15, 1, 0),
(124, '04A', 03, 'I', 15, 1, 0),
(125, '04A', 03, 'A', 17, 1, 0),
(126, '04A', 03, 'B', 17, 1, 0),
(127, '04A', 03, 'C', 17, 1, 0),
(128, '04A', 03, 'I', 17, 1, 0),
(129, '04A', 03, 'A', 18, 1, 0),
(130, '04A', 03, 'B', 18, 1, 0),
(131, '04A', 03, 'C', 18, 1, 0),
(132, '04A', 03, 'I', 18, 1, 0),
(133, '04A', 03, 'A', 22, 1, 0),
(134, '04A', 03, 'B', 22, 1, 0),
(135, '04A', 03, 'C', 22, 1, 0),
(136, '04A', 03, 'I', 22, 1, 0),
(137, '04A', 03, 'A', 23, 1, 0),
(138, '04A', 03, 'B', 23, 1, 0),
(139, '04A', 03, 'C', 23, 1, 0),
(140, '04A', 03, 'I', 23, 1, 0),
(141, '04A', 03, 'A', 24, 1, 0),
(142, '04A', 03, 'B', 24, 1, 0),
(143, '04A', 03, 'C', 24, 1, 0),
(144, '04A', 03, 'I', 24, 1, 0),
(145, '04A', 03, 'A', 25, 1, 0),
(146, '04A', 03, 'B', 25, 1, 0),
(147, '04A', 03, 'C', 25, 1, 0),
(148, '04A', 03, 'I', 25, 1, 0),
(149, '04A', 04, 'A', 01, 1, 0),
(150, '04A', 04, 'B', 01, 1, 0),
(151, '04A', 04, 'C', 01, 1, 0),
(152, '04A', 04, 'I', 01, 1, 0),
(153, '04A', 04, 'A', 03, 1, 0),
(154, '04A', 04, 'B', 03, 1, 0),
(155, '04A', 04, 'C', 03, 1, 0),
(156, '04A', 04, 'I', 03, 1, 0),
(157, '04A', 04, 'A', 04, 1, 0),
(158, '04A', 04, 'B', 04, 1, 0),
(159, '04A', 04, 'C', 04, 1, 0),
(160, '04A', 04, 'I', 04, 1, 0),
(161, '04A', 04, 'A', 05, 1, 0),
(162, '04A', 04, 'B', 05, 1, 0),
(163, '04A', 04, 'C', 05, 1, 0),
(164, '04A', 04, 'I', 05, 1, 0),
(165, '04A', 04, 'A', 09, 1, 0),
(166, '04A', 04, 'B', 09, 1, 0),
(167, '04A', 04, 'C', 09, 1, 0),
(168, '04A', 04, 'I', 09, 1, 0),
(169, '04A', 04, 'A', 10, 1, 0),
(170, '04A', 04, 'B', 10, 1, 0),
(171, '04A', 04, 'C', 10, 1, 0),
(172, '04A', 04, 'I', 10, 1, 0),
(173, '04A', 04, 'A', 11, 1, 0),
(174, '04A', 04, 'B', 11, 1, 0),
(175, '04A', 04, 'C', 11, 1, 0),
(176, '04A', 04, 'I', 11, 1, 0),
(177, '04A', 04, 'A', 13, 1, 0),
(178, '04A', 04, 'B', 13, 1, 0),
(179, '04A', 04, 'C', 13, 1, 0),
(180, '04A', 04, 'I', 13, 1, 0),
(181, '04A', 04, 'A', 14, 1, 0),
(182, '04A', 04, 'B', 14, 1, 0),
(183, '04A', 04, 'C', 14, 1, 0),
(184, '04A', 04, 'I', 14, 1, 0),
(185, '04A', 04, 'A', 15, 1, 0),
(186, '04A', 04, 'B', 15, 1, 0),
(187, '04A', 04, 'C', 15, 1, 0),
(188, '04A', 04, 'I', 15, 1, 0),
(189, '04A', 04, 'A', 17, 1, 0),
(190, '04A', 04, 'B', 17, 1, 0),
(191, '04A', 04, 'C', 17, 1, 0),
(192, '04A', 04, 'I', 17, 1, 0),
(193, '04A', 04, 'A', 18, 1, 0),
(194, '04A', 04, 'B', 18, 1, 0),
(195, '04A', 04, 'C', 18, 1, 0),
(196, '04A', 04, 'I', 18, 1, 0),
(197, '04A', 04, 'A', 22, 1, 0),
(198, '04A', 04, 'B', 22, 1, 0),
(199, '04A', 04, 'C', 22, 1, 0),
(200, '04A', 04, 'I', 22, 1, 0),
(201, '04A', 04, 'A', 23, 1, 0),
(202, '04A', 04, 'B', 23, 1, 0),
(203, '04A', 04, 'C', 23, 1, 0),
(204, '04A', 04, 'I', 23, 1, 0),
(205, '04A', 04, 'A', 24, 1, 0),
(206, '04A', 04, 'B', 24, 1, 0),
(207, '04A', 04, 'C', 24, 1, 0),
(208, '04A', 04, 'I', 24, 1, 0),
(209, '04A', 04, 'A', 25, 1, 0),
(210, '04A', 04, 'B', 25, 1, 0),
(211, '04A', 04, 'C', 25, 1, 0),
(212, '04A', 04, 'I', 25, 1, 0),
(213, '04A', 05, 'A', 01, 1, 0),
(214, '04A', 05, 'B', 01, 1, 0),
(215, '04A', 05, 'C', 01, 1, 0),
(216, '04A', 05, 'I', 01, 1, 0),
(217, '04A', 05, 'A', 03, 1, 0),
(218, '04A', 05, 'B', 03, 1, 0),
(219, '04A', 05, 'C', 03, 1, 0),
(220, '04A', 05, 'I', 03, 1, 0),
(221, '04A', 05, 'A', 04, 1, 0),
(222, '04A', 05, 'B', 04, 1, 0),
(223, '04A', 05, 'C', 04, 1, 0),
(224, '04A', 05, 'I', 04, 1, 0),
(225, '04A', 05, 'A', 05, 1, 0),
(226, '04A', 05, 'B', 05, 1, 0),
(227, '04A', 05, 'C', 05, 1, 0),
(228, '04A', 05, 'I', 05, 1, 0),
(229, '04A', 05, 'A', 09, 1, 0),
(230, '04A', 05, 'B', 09, 1, 0),
(231, '04A', 05, 'C', 09, 1, 0),
(232, '04A', 05, 'I', 09, 1, 0),
(233, '04A', 05, 'A', 10, 1, 0),
(234, '04A', 05, 'B', 10, 1, 0),
(235, '04A', 05, 'C', 10, 1, 0),
(236, '04A', 05, 'I', 10, 1, 0),
(237, '04A', 05, 'A', 11, 1, 0),
(238, '04A', 05, 'B', 11, 1, 0),
(239, '04A', 05, 'C', 11, 1, 0),
(240, '04A', 05, 'I', 11, 1, 0),
(241, '04A', 05, 'A', 13, 1, 0),
(242, '04A', 05, 'B', 13, 1, 0),
(243, '04A', 05, 'C', 13, 1, 0),
(244, '04A', 05, 'I', 13, 1, 0),
(245, '04A', 05, 'A', 14, 1, 0),
(246, '04A', 05, 'B', 14, 1, 0),
(247, '04A', 05, 'C', 14, 1, 0),
(248, '04A', 05, 'I', 14, 1, 0),
(249, '04A', 05, 'A', 15, 1, 0),
(250, '04A', 05, 'B', 15, 1, 0),
(251, '04A', 05, 'C', 15, 1, 0),
(252, '04A', 05, 'I', 15, 1, 0),
(253, '04A', 05, 'A', 17, 1, 0),
(254, '04A', 05, 'B', 17, 1, 0),
(255, '04A', 05, 'C', 17, 1, 0),
(256, '04A', 05, 'I', 17, 1, 0),
(257, '04A', 05, 'A', 18, 1, 0),
(258, '04A', 05, 'B', 18, 1, 0),
(259, '04A', 05, 'C', 18, 1, 0),
(260, '04A', 05, 'I', 18, 1, 0),
(261, '04A', 05, 'A', 22, 1, 0),
(262, '04A', 05, 'B', 22, 1, 0),
(263, '04A', 05, 'C', 22, 1, 0),
(264, '04A', 05, 'I', 22, 1, 0),
(265, '04A', 05, 'A', 23, 1, 0),
(266, '04A', 05, 'B', 23, 1, 0),
(267, '04A', 05, 'C', 23, 1, 0),
(268, '04A', 05, 'I', 23, 1, 0),
(269, '04A', 05, 'A', 24, 1, 0),
(270, '04A', 05, 'B', 24, 1, 0),
(271, '04A', 05, 'C', 24, 1, 0),
(272, '04A', 05, 'I', 24, 1, 0),
(273, '04A', 05, 'A', 25, 1, 0),
(274, '04A', 05, 'B', 25, 1, 0),
(275, '04A', 05, 'C', 25, 1, 0),
(276, '04A', 05, 'I', 25, 1, 0),
(277, '04A', 06, 'A', 01, 1, 0),
(278, '04A', 06, 'B', 01, 1, 0),
(279, '04A', 06, 'C', 01, 1, 0),
(280, '04A', 06, 'I', 01, 1, 0),
(281, '04A', 06, 'A', 03, 1, 0),
(282, '04A', 06, 'B', 03, 1, 0),
(283, '04A', 06, 'C', 03, 1, 0),
(284, '04A', 06, 'I', 03, 1, 0),
(285, '04A', 06, 'A', 04, 1, 0),
(286, '04A', 06, 'B', 04, 1, 0),
(287, '04A', 06, 'C', 04, 1, 0),
(288, '04A', 06, 'I', 04, 1, 0),
(289, '04A', 06, 'A', 05, 1, 0),
(290, '04A', 06, 'B', 05, 1, 0),
(291, '04A', 06, 'C', 05, 1, 0),
(292, '04A', 06, 'I', 05, 1, 0),
(293, '04A', 06, 'A', 09, 1, 0),
(294, '04A', 06, 'B', 09, 1, 0),
(295, '04A', 06, 'C', 09, 1, 0),
(296, '04A', 06, 'I', 09, 1, 0),
(297, '04A', 06, 'A', 10, 1, 0),
(298, '04A', 06, 'B', 10, 1, 0),
(299, '04A', 06, 'C', 10, 1, 0),
(300, '04A', 06, 'I', 10, 1, 0),
(301, '04A', 06, 'A', 11, 1, 0),
(302, '04A', 06, 'B', 11, 1, 0),
(303, '04A', 06, 'C', 11, 1, 0),
(304, '04A', 06, 'I', 11, 1, 0),
(305, '04A', 06, 'A', 13, 1, 0),
(306, '04A', 06, 'B', 13, 1, 0),
(307, '04A', 06, 'C', 13, 1, 0),
(308, '04A', 06, 'I', 13, 1, 0),
(309, '04A', 06, 'A', 14, 1, 0),
(310, '04A', 06, 'B', 14, 1, 0),
(311, '04A', 06, 'C', 14, 1, 0),
(312, '04A', 06, 'I', 14, 1, 0),
(313, '04A', 06, 'A', 15, 1, 0),
(314, '04A', 06, 'B', 15, 1, 0),
(315, '04A', 06, 'C', 15, 1, 0),
(316, '04A', 06, 'I', 15, 1, 0),
(317, '04A', 06, 'A', 17, 1, 0),
(318, '04A', 06, 'B', 17, 1, 0),
(319, '04A', 06, 'C', 17, 1, 0),
(320, '04A', 06, 'I', 17, 1, 0),
(321, '04A', 06, 'A', 18, 1, 0),
(322, '04A', 06, 'B', 18, 1, 0),
(323, '04A', 06, 'C', 18, 1, 0),
(324, '04A', 06, 'I', 18, 1, 0),
(325, '04A', 06, 'A', 22, 1, 0),
(326, '04A', 06, 'B', 22, 1, 0),
(327, '04A', 06, 'C', 22, 1, 0),
(328, '04A', 06, 'I', 22, 1, 0),
(329, '04A', 06, 'A', 23, 1, 0),
(330, '04A', 06, 'B', 23, 1, 0),
(331, '04A', 06, 'C', 23, 1, 0),
(332, '04A', 06, 'I', 23, 1, 0),
(333, '04A', 06, 'A', 24, 1, 0),
(334, '04A', 06, 'B', 24, 1, 0),
(335, '04A', 06, 'C', 24, 1, 0),
(336, '04A', 06, 'I', 24, 1, 0),
(337, '04A', 06, 'A', 25, 1, 0),
(338, '04A', 06, 'B', 25, 1, 0),
(339, '04A', 06, 'C', 25, 1, 0),
(340, '04A', 06, 'I', 25, 1, 0),
(341, '04A', 07, 'A', 01, 1, 0),
(342, '04A', 07, 'B', 01, 1, 0),
(343, '04A', 07, 'C', 01, 1, 0),
(344, '04A', 07, 'I', 01, 1, 0),
(345, '04A', 07, 'A', 03, 1, 0),
(346, '04A', 07, 'B', 03, 1, 0),
(347, '04A', 07, 'C', 03, 1, 0),
(348, '04A', 07, 'I', 03, 1, 0),
(349, '04A', 07, 'A', 04, 1, 0),
(350, '04A', 07, 'B', 04, 1, 0),
(351, '04A', 07, 'C', 04, 1, 0),
(352, '04A', 07, 'I', 04, 1, 0),
(353, '04A', 07, 'A', 05, 1, 0),
(354, '04A', 07, 'B', 05, 1, 0),
(355, '04A', 07, 'C', 05, 1, 0),
(356, '04A', 07, 'I', 05, 1, 0),
(357, '04A', 07, 'A', 09, 1, 0),
(358, '04A', 07, 'B', 09, 1, 0),
(359, '04A', 07, 'C', 09, 1, 0),
(360, '04A', 07, 'I', 09, 1, 0),
(361, '04A', 07, 'A', 10, 1, 0),
(362, '04A', 07, 'B', 10, 1, 0),
(363, '04A', 07, 'C', 10, 1, 0),
(364, '04A', 07, 'I', 10, 1, 0),
(365, '04A', 07, 'A', 11, 1, 0),
(366, '04A', 07, 'B', 11, 1, 0),
(367, '04A', 07, 'C', 11, 1, 0),
(368, '04A', 07, 'I', 11, 1, 0),
(369, '04A', 07, 'A', 13, 1, 0),
(370, '04A', 07, 'B', 13, 1, 0),
(371, '04A', 07, 'C', 13, 1, 0),
(372, '04A', 07, 'I', 13, 1, 0),
(373, '04A', 07, 'A', 14, 1, 0),
(374, '04A', 07, 'B', 14, 1, 0),
(375, '04A', 07, 'C', 14, 1, 0),
(376, '04A', 07, 'I', 14, 1, 0),
(377, '04A', 07, 'A', 15, 1, 0),
(378, '04A', 07, 'B', 15, 1, 0),
(379, '04A', 07, 'C', 15, 1, 0),
(380, '04A', 07, 'I', 15, 1, 0),
(381, '04A', 07, 'A', 17, 1, 0),
(382, '04A', 07, 'B', 17, 1, 0),
(383, '04A', 07, 'C', 17, 1, 0),
(384, '04A', 07, 'I', 17, 1, 0),
(385, '04A', 07, 'A', 18, 1, 0),
(386, '04A', 07, 'B', 18, 1, 0),
(387, '04A', 07, 'C', 18, 1, 0),
(388, '04A', 07, 'I', 18, 1, 0),
(389, '04A', 07, 'A', 22, 1, 0),
(390, '04A', 07, 'B', 22, 1, 0),
(391, '04A', 07, 'C', 22, 1, 0),
(392, '04A', 07, 'I', 22, 1, 0),
(393, '04A', 07, 'A', 23, 1, 0),
(394, '04A', 07, 'B', 23, 1, 0),
(395, '04A', 07, 'C', 23, 1, 0),
(396, '04A', 07, 'I', 23, 1, 0),
(397, '04A', 07, 'A', 24, 1, 0),
(398, '04A', 07, 'B', 24, 1, 0),
(399, '04A', 07, 'C', 24, 1, 0),
(400, '04A', 07, 'I', 24, 1, 0),
(401, '04A', 07, 'A', 25, 1, 0),
(402, '04A', 07, 'B', 25, 1, 0),
(403, '04A', 07, 'C', 25, 1, 0),
(404, '04A', 07, 'I', 25, 1, 0),
(405, '04A', 08, 'A', 01, 1, 0),
(406, '04A', 08, 'B', 01, 1, 0),
(407, '04A', 08, 'C', 01, 1, 0),
(408, '04A', 08, 'I', 01, 1, 0),
(409, '04A', 08, 'A', 03, 1, 0),
(410, '04A', 08, 'B', 03, 1, 0),
(411, '04A', 08, 'C', 03, 1, 0),
(412, '04A', 08, 'I', 03, 1, 0),
(413, '04A', 08, 'A', 04, 1, 0),
(414, '04A', 08, 'B', 04, 1, 0),
(415, '04A', 08, 'C', 04, 1, 0),
(416, '04A', 08, 'I', 04, 1, 0),
(417, '04A', 08, 'A', 05, 1, 0),
(418, '04A', 08, 'B', 05, 1, 0),
(419, '04A', 08, 'C', 05, 1, 0),
(420, '04A', 08, 'I', 05, 1, 0),
(421, '04A', 08, 'A', 09, 1, 0),
(422, '04A', 08, 'B', 09, 1, 0),
(423, '04A', 08, 'C', 09, 1, 0),
(424, '04A', 08, 'I', 09, 1, 0),
(425, '04A', 08, 'A', 10, 1, 0),
(426, '04A', 08, 'B', 10, 1, 0),
(427, '04A', 08, 'C', 10, 1, 0),
(428, '04A', 08, 'I', 10, 1, 0),
(429, '04A', 08, 'A', 11, 1, 0),
(430, '04A', 08, 'B', 11, 1, 0),
(431, '04A', 08, 'C', 11, 1, 0),
(432, '04A', 08, 'I', 11, 1, 0),
(433, '04A', 08, 'A', 13, 1, 0),
(434, '04A', 08, 'B', 13, 1, 0),
(435, '04A', 08, 'C', 13, 1, 0),
(436, '04A', 08, 'I', 13, 1, 0),
(437, '04A', 08, 'A', 14, 1, 0),
(438, '04A', 08, 'B', 14, 1, 0),
(439, '04A', 08, 'C', 14, 1, 0),
(440, '04A', 08, 'I', 14, 1, 0),
(441, '04A', 08, 'A', 15, 1, 0),
(442, '04A', 08, 'B', 15, 1, 0),
(443, '04A', 08, 'C', 15, 1, 0),
(444, '04A', 08, 'I', 15, 1, 0),
(445, '04A', 08, 'A', 17, 1, 0),
(446, '04A', 08, 'B', 17, 1, 0),
(447, '04A', 08, 'C', 17, 1, 0),
(448, '04A', 08, 'I', 17, 1, 0),
(449, '04A', 08, 'A', 18, 1, 0),
(450, '04A', 08, 'B', 18, 1, 0),
(451, '04A', 08, 'C', 18, 1, 0),
(452, '04A', 08, 'I', 18, 1, 0),
(453, '04A', 08, 'A', 22, 1, 0),
(454, '04A', 08, 'B', 22, 1, 0),
(455, '04A', 08, 'C', 22, 1, 0),
(456, '04A', 08, 'I', 22, 1, 0),
(457, '04A', 08, 'A', 23, 1, 0),
(458, '04A', 08, 'B', 23, 1, 0),
(459, '04A', 08, 'C', 23, 1, 0),
(460, '04A', 08, 'I', 23, 1, 0),
(461, '04A', 08, 'A', 24, 1, 0),
(462, '04A', 08, 'B', 24, 1, 0),
(463, '04A', 08, 'C', 24, 1, 0),
(464, '04A', 08, 'I', 24, 1, 0),
(465, '04A', 08, 'A', 25, 1, 0),
(466, '04A', 08, 'B', 25, 1, 0),
(467, '04A', 08, 'C', 25, 1, 0),
(468, '04A', 08, 'I', 25, 1, 0),
(469, '04A', 09, 'A', 01, 1, 0),
(470, '04A', 09, 'B', 01, 1, 0),
(471, '04A', 09, 'C', 01, 1, 0),
(472, '04A', 09, 'I', 01, 1, 0),
(473, '04A', 09, 'A', 03, 1, 0),
(474, '04A', 09, 'B', 03, 1, 0),
(475, '04A', 09, 'C', 03, 1, 0),
(476, '04A', 09, 'I', 03, 1, 0),
(477, '04A', 09, 'A', 04, 1, 0),
(478, '04A', 09, 'B', 04, 1, 0),
(479, '04A', 09, 'C', 04, 1, 0),
(480, '04A', 09, 'I', 04, 1, 0),
(481, '04A', 09, 'A', 05, 1, 0),
(482, '04A', 09, 'B', 05, 1, 0),
(483, '04A', 09, 'C', 05, 1, 0),
(484, '04A', 09, 'I', 05, 1, 0),
(485, '04A', 09, 'A', 09, 1, 0),
(486, '04A', 09, 'B', 09, 1, 0),
(487, '04A', 09, 'C', 09, 1, 0),
(488, '04A', 09, 'I', 09, 1, 0),
(489, '04A', 09, 'A', 10, 1, 0),
(490, '04A', 09, 'B', 10, 1, 0),
(491, '04A', 09, 'C', 10, 1, 0),
(492, '04A', 09, 'I', 10, 1, 0),
(493, '04A', 09, 'A', 11, 1, 0),
(494, '04A', 09, 'B', 11, 1, 0),
(495, '04A', 09, 'C', 11, 1, 0),
(496, '04A', 09, 'I', 11, 1, 0),
(497, '04A', 09, 'A', 13, 1, 0),
(498, '04A', 09, 'B', 13, 1, 0),
(499, '04A', 09, 'C', 13, 1, 0),
(500, '04A', 09, 'I', 13, 1, 0),
(501, '04A', 09, 'A', 14, 1, 0),
(502, '04A', 09, 'B', 14, 1, 0),
(503, '04A', 09, 'C', 14, 1, 0),
(504, '04A', 09, 'I', 14, 1, 0),
(505, '04A', 09, 'A', 15, 1, 0),
(506, '04A', 09, 'B', 15, 1, 0),
(507, '04A', 09, 'C', 15, 1, 0),
(508, '04A', 09, 'I', 15, 1, 0),
(509, '04A', 09, 'A', 17, 1, 0),
(510, '04A', 09, 'B', 17, 1, 0),
(511, '04A', 09, 'C', 17, 1, 0),
(512, '04A', 09, 'I', 17, 1, 0),
(513, '04A', 09, 'A', 18, 1, 0),
(514, '04A', 09, 'B', 18, 1, 0),
(515, '04A', 09, 'C', 18, 1, 0),
(516, '04A', 09, 'I', 18, 1, 0),
(517, '04A', 09, 'A', 22, 1, 0),
(518, '04A', 09, 'B', 22, 1, 0),
(519, '04A', 09, 'C', 22, 1, 0),
(520, '04A', 09, 'I', 22, 1, 0),
(521, '04A', 09, 'A', 23, 1, 0),
(522, '04A', 09, 'B', 23, 1, 0),
(523, '04A', 09, 'C', 23, 1, 0),
(524, '04A', 09, 'I', 23, 1, 0),
(525, '04A', 09, 'A', 24, 1, 0),
(526, '04A', 09, 'B', 24, 1, 0),
(527, '04A', 09, 'C', 24, 1, 0),
(528, '04A', 09, 'I', 24, 1, 0),
(529, '04A', 09, 'A', 25, 1, 0),
(530, '04A', 09, 'B', 25, 1, 0),
(531, '04A', 09, 'C', 25, 1, 0),
(532, '04A', 09, 'I', 25, 1, 0),
(533, '04A', 10, 'A', 01, 1, 0),
(534, '04A', 10, 'B', 01, 1, 0),
(535, '04A', 10, 'C', 01, 1, 0),
(536, '04A', 10, 'I', 01, 1, 0),
(537, '04A', 10, 'A', 03, 1, 0),
(538, '04A', 10, 'B', 03, 1, 0),
(539, '04A', 10, 'C', 03, 1, 0),
(540, '04A', 10, 'I', 03, 1, 0),
(541, '04A', 10, 'A', 04, 1, 0),
(542, '04A', 10, 'B', 04, 1, 0),
(543, '04A', 10, 'C', 04, 1, 0),
(544, '04A', 10, 'I', 04, 1, 0),
(545, '04A', 10, 'A', 05, 1, 0),
(546, '04A', 10, 'B', 05, 1, 0),
(547, '04A', 10, 'C', 05, 1, 0),
(548, '04A', 10, 'I', 05, 1, 0),
(549, '04A', 10, 'A', 09, 1, 0),
(550, '04A', 10, 'B', 09, 1, 0),
(551, '04A', 10, 'C', 09, 1, 0),
(552, '04A', 10, 'I', 09, 1, 0),
(553, '04A', 10, 'A', 10, 1, 0),
(554, '04A', 10, 'B', 10, 1, 0),
(555, '04A', 10, 'C', 10, 1, 0),
(556, '04A', 10, 'I', 10, 1, 0),
(557, '04A', 10, 'A', 11, 1, 0),
(558, '04A', 10, 'B', 11, 1, 0),
(559, '04A', 10, 'C', 11, 1, 0),
(560, '04A', 10, 'I', 11, 1, 0),
(561, '04A', 10, 'A', 13, 1, 0),
(562, '04A', 10, 'B', 13, 1, 0),
(563, '04A', 10, 'C', 13, 1, 0),
(564, '04A', 10, 'I', 13, 1, 0),
(565, '04A', 10, 'A', 14, 1, 0),
(566, '04A', 10, 'B', 14, 1, 0),
(567, '04A', 10, 'C', 14, 1, 0),
(568, '04A', 10, 'I', 14, 1, 0),
(569, '04A', 10, 'A', 15, 1, 0),
(570, '04A', 10, 'B', 15, 1, 0),
(571, '04A', 10, 'C', 15, 1, 0),
(572, '04A', 10, 'I', 15, 1, 0),
(573, '04A', 10, 'A', 17, 1, 0),
(574, '04A', 10, 'B', 17, 1, 0),
(575, '04A', 10, 'C', 17, 1, 0),
(576, '04A', 10, 'I', 17, 1, 0),
(577, '04A', 10, 'A', 18, 1, 0),
(578, '04A', 10, 'B', 18, 1, 0),
(579, '04A', 10, 'C', 18, 1, 0),
(580, '04A', 10, 'I', 18, 1, 0),
(581, '04A', 10, 'A', 22, 1, 0),
(582, '04A', 10, 'B', 22, 1, 0),
(583, '04A', 10, 'C', 22, 1, 0),
(584, '04A', 10, 'I', 22, 1, 0),
(585, '04A', 10, 'A', 23, 1, 0),
(586, '04A', 10, 'B', 23, 1, 0),
(587, '04A', 10, 'C', 23, 1, 0),
(588, '04A', 10, 'I', 23, 1, 0),
(589, '04A', 10, 'A', 24, 1, 0),
(590, '04A', 10, 'B', 24, 1, 0),
(591, '04A', 10, 'C', 24, 1, 0),
(592, '04A', 10, 'I', 24, 1, 0),
(593, '04A', 10, 'A', 25, 1, 0),
(594, '04A', 10, 'B', 25, 1, 0),
(595, '04A', 10, 'C', 25, 1, 0),
(596, '04A', 10, 'I', 25, 1, 0),
(597, '08A', 01, 'A', 02, 1, 0),
(598, '08A', 01, 'B', 02, 1, 0),
(599, '08A', 01, 'C', 02, 1, 0),
(600, '08A', 01, 'I', 02, 1, 0),
(601, '08A', 01, 'A', 03, 1, 0),
(602, '08A', 01, 'B', 03, 1, 0),
(603, '08A', 01, 'C', 03, 1, 0),
(604, '08A', 01, 'I', 03, 1, 0),
(605, '08A', 01, 'A', 07, 1, 0),
(606, '08A', 01, 'B', 07, 1, 0),
(607, '08A', 01, 'C', 07, 1, 0),
(608, '08A', 01, 'I', 07, 1, 0),
(609, '08A', 01, 'A', 08, 1, 0),
(610, '08A', 01, 'B', 08, 1, 0),
(611, '08A', 01, 'C', 08, 1, 0),
(612, '08A', 01, 'I', 08, 1, 0),
(613, '08A', 01, 'A', 09, 1, 0),
(614, '08A', 01, 'B', 09, 1, 0),
(615, '08A', 01, 'C', 09, 1, 0),
(616, '08A', 01, 'I', 09, 1, 0),
(617, '08A', 01, 'A', 11, 1, 0),
(618, '08A', 01, 'B', 11, 1, 0),
(619, '08A', 01, 'C', 11, 1, 0),
(620, '08A', 01, 'I', 11, 1, 0),
(621, '08A', 01, 'A', 12, 1, 0),
(622, '08A', 01, 'B', 12, 1, 0),
(623, '08A', 01, 'C', 12, 1, 0),
(624, '08A', 01, 'I', 12, 1, 0),
(625, '08A', 01, 'A', 14, 1, 0),
(626, '08A', 01, 'B', 14, 1, 0),
(627, '08A', 01, 'C', 14, 1, 0),
(628, '08A', 01, 'I', 14, 1, 0),
(629, '08A', 01, 'A', 15, 1, 0),
(630, '08A', 01, 'B', 15, 1, 0),
(631, '08A', 01, 'C', 15, 1, 0),
(632, '08A', 01, 'I', 15, 1, 0),
(633, '08A', 01, 'A', 16, 1, 0),
(634, '08A', 01, 'B', 16, 1, 0),
(635, '08A', 01, 'C', 16, 1, 0),
(636, '08A', 01, 'I', 16, 1, 0),
(637, '08A', 02, 'A', 01, 1, 0),
(638, '08A', 02, 'B', 01, 1, 0),
(639, '08A', 02, 'C', 01, 1, 0),
(640, '08A', 02, 'I', 01, 1, 0),
(641, '08A', 02, 'A', 03, 1, 0),
(642, '08A', 02, 'B', 03, 1, 0),
(643, '08A', 02, 'C', 03, 1, 0),
(644, '08A', 02, 'I', 03, 1, 0),
(645, '08A', 02, 'A', 04, 1, 0),
(646, '08A', 02, 'B', 04, 1, 0),
(647, '08A', 02, 'C', 04, 1, 0),
(648, '08A', 02, 'I', 04, 1, 0),
(649, '08A', 02, 'A', 05, 1, 0),
(650, '08A', 02, 'B', 05, 1, 0),
(651, '08A', 02, 'C', 05, 1, 0),
(652, '08A', 02, 'I', 05, 1, 0),
(653, '08A', 02, 'A', 09, 1, 0),
(654, '08A', 02, 'B', 09, 1, 0),
(655, '08A', 02, 'C', 09, 1, 0),
(656, '08A', 02, 'I', 09, 1, 0),
(657, '08A', 02, 'A', 10, 1, 0),
(658, '08A', 02, 'B', 10, 1, 0),
(659, '08A', 02, 'C', 10, 1, 0),
(660, '08A', 02, 'I', 10, 1, 0),
(661, '08A', 02, 'A', 11, 1, 0),
(662, '08A', 02, 'B', 11, 1, 0),
(663, '08A', 02, 'C', 11, 1, 0),
(664, '08A', 02, 'I', 11, 1, 0),
(665, '08A', 02, 'A', 13, 1, 0),
(666, '08A', 02, 'B', 13, 1, 0),
(667, '08A', 02, 'C', 13, 1, 0),
(668, '08A', 02, 'I', 13, 1, 0),
(669, '08A', 02, 'A', 14, 1, 0),
(670, '08A', 02, 'B', 14, 1, 0),
(671, '08A', 02, 'C', 14, 1, 0),
(672, '08A', 02, 'I', 14, 1, 0),
(673, '08A', 02, 'A', 16, 1, 0),
(674, '08A', 02, 'B', 16, 1, 0),
(675, '08A', 02, 'C', 16, 1, 0),
(676, '08A', 02, 'I', 16, 1, 0),
(677, '08A', 02, 'A', 17, 1, 0),
(678, '08A', 02, 'B', 17, 1, 0),
(679, '08A', 02, 'C', 17, 1, 0),
(680, '08A', 02, 'I', 17, 1, 0),
(681, '08A', 02, 'A', 18, 1, 0),
(682, '08A', 02, 'B', 18, 1, 0),
(683, '08A', 02, 'C', 18, 1, 0),
(684, '08A', 02, 'I', 18, 1, 0),
(685, '08A', 03, 'A', 01, 1, 0),
(686, '08A', 03, 'B', 01, 1, 0),
(687, '08A', 03, 'C', 01, 1, 0),
(688, '08A', 03, 'I', 01, 1, 0),
(689, '08A', 03, 'A', 03, 1, 0),
(690, '08A', 03, 'B', 03, 1, 0),
(691, '08A', 03, 'C', 03, 1, 0),
(692, '08A', 03, 'I', 03, 1, 0),
(693, '08A', 03, 'A', 04, 1, 0),
(694, '08A', 03, 'B', 04, 1, 0),
(695, '08A', 03, 'C', 04, 1, 0),
(696, '08A', 03, 'I', 04, 1, 0),
(697, '08A', 03, 'A', 05, 1, 0),
(698, '08A', 03, 'B', 05, 1, 0),
(699, '08A', 03, 'C', 05, 1, 0),
(700, '08A', 03, 'I', 05, 1, 0),
(701, '08A', 03, 'A', 09, 1, 0),
(702, '08A', 03, 'B', 09, 1, 0),
(703, '08A', 03, 'C', 09, 1, 0),
(704, '08A', 03, 'I', 09, 1, 0),
(705, '08A', 03, 'A', 10, 1, 0),
(706, '08A', 03, 'B', 10, 1, 0),
(707, '08A', 03, 'C', 10, 1, 0),
(708, '08A', 03, 'I', 10, 1, 0),
(709, '08A', 03, 'A', 11, 1, 0),
(710, '08A', 03, 'B', 11, 1, 0),
(711, '08A', 03, 'C', 11, 1, 0),
(712, '08A', 03, 'I', 11, 1, 0),
(713, '08A', 03, 'A', 13, 1, 0),
(714, '08A', 03, 'B', 13, 1, 0),
(715, '08A', 03, 'C', 13, 1, 0),
(716, '08A', 03, 'I', 13, 1, 0),
(717, '08A', 03, 'A', 14, 1, 0),
(718, '08A', 03, 'B', 14, 1, 0),
(719, '08A', 03, 'C', 14, 1, 0),
(720, '08A', 03, 'I', 14, 1, 0),
(721, '08A', 03, 'A', 16, 1, 0),
(722, '08A', 03, 'B', 16, 1, 0),
(723, '08A', 03, 'C', 16, 1, 0),
(724, '08A', 03, 'I', 16, 1, 0),
(725, '08A', 03, 'A', 17, 1, 0),
(726, '08A', 03, 'B', 17, 1, 0),
(727, '08A', 03, 'C', 17, 1, 0),
(728, '08A', 03, 'I', 17, 1, 0),
(729, '08A', 03, 'A', 18, 1, 0),
(730, '08A', 03, 'B', 18, 1, 0),
(731, '08A', 03, 'C', 18, 1, 0),
(732, '08A', 03, 'I', 18, 1, 0),
(733, '08A', 04, 'A', 01, 1, 0),
(734, '08A', 04, 'B', 01, 1, 0),
(735, '08A', 04, 'C', 01, 1, 0),
(736, '08A', 04, 'I', 01, 1, 0),
(737, '08A', 04, 'A', 03, 1, 0),
(738, '08A', 04, 'B', 03, 1, 0),
(739, '08A', 04, 'C', 03, 1, 0),
(740, '08A', 04, 'I', 03, 1, 0),
(741, '08A', 04, 'A', 04, 1, 0),
(742, '08A', 04, 'B', 04, 1, 0),
(743, '08A', 04, 'C', 04, 1, 0),
(744, '08A', 04, 'I', 04, 1, 0),
(745, '08A', 04, 'A', 05, 1, 0),
(746, '08A', 04, 'B', 05, 1, 0),
(747, '08A', 04, 'C', 05, 1, 0),
(748, '08A', 04, 'I', 05, 1, 0),
(749, '08A', 04, 'A', 09, 1, 0),
(750, '08A', 04, 'B', 09, 1, 0),
(751, '08A', 04, 'C', 09, 1, 0),
(752, '08A', 04, 'I', 09, 1, 0),
(753, '08A', 04, 'A', 10, 1, 0),
(754, '08A', 04, 'B', 10, 1, 0),
(755, '08A', 04, 'C', 10, 1, 0),
(756, '08A', 04, 'I', 10, 1, 0),
(757, '08A', 04, 'A', 11, 1, 0),
(758, '08A', 04, 'B', 11, 1, 0),
(759, '08A', 04, 'C', 11, 1, 0),
(760, '08A', 04, 'I', 11, 1, 0),
(761, '08A', 04, 'A', 13, 1, 0),
(762, '08A', 04, 'B', 13, 1, 0),
(763, '08A', 04, 'C', 13, 1, 0),
(764, '08A', 04, 'I', 13, 1, 0),
(765, '08A', 04, 'A', 14, 1, 0),
(766, '08A', 04, 'B', 14, 1, 0),
(767, '08A', 04, 'C', 14, 1, 0),
(768, '08A', 04, 'I', 14, 1, 0),
(769, '08A', 04, 'A', 16, 1, 0),
(770, '08A', 04, 'B', 16, 1, 0),
(771, '08A', 04, 'C', 16, 1, 0),
(772, '08A', 04, 'I', 16, 1, 0),
(773, '08A', 04, 'A', 17, 1, 0),
(774, '08A', 04, 'B', 17, 1, 0),
(775, '08A', 04, 'C', 17, 1, 0),
(776, '08A', 04, 'I', 17, 1, 0),
(777, '08A', 04, 'A', 18, 1, 0),
(778, '08A', 04, 'B', 18, 1, 0),
(779, '08A', 04, 'C', 18, 1, 0),
(780, '08A', 04, 'I', 18, 1, 0),
(781, '08A', 05, 'A', 01, 1, 0),
(782, '08A', 05, 'B', 01, 1, 0),
(783, '08A', 05, 'C', 01, 1, 0),
(784, '08A', 05, 'I', 01, 1, 0),
(785, '08A', 05, 'A', 03, 1, 0),
(786, '08A', 05, 'B', 03, 1, 0),
(787, '08A', 05, 'C', 03, 1, 0),
(788, '08A', 05, 'I', 03, 1, 0),
(789, '08A', 05, 'A', 04, 1, 0),
(790, '08A', 05, 'B', 04, 1, 0),
(791, '08A', 05, 'C', 04, 1, 0),
(792, '08A', 05, 'I', 04, 1, 0),
(793, '08A', 05, 'A', 05, 1, 0),
(794, '08A', 05, 'B', 05, 1, 0),
(795, '08A', 05, 'C', 05, 1, 0),
(796, '08A', 05, 'I', 05, 1, 0),
(797, '08A', 05, 'A', 09, 1, 0),
(798, '08A', 05, 'B', 09, 1, 0),
(799, '08A', 05, 'C', 09, 1, 0),
(800, '08A', 05, 'I', 09, 1, 0),
(801, '08A', 05, 'A', 10, 1, 0),
(802, '08A', 05, 'B', 10, 1, 0),
(803, '08A', 05, 'C', 10, 1, 0),
(804, '08A', 05, 'I', 10, 1, 0),
(805, '08A', 05, 'A', 11, 1, 0),
(806, '08A', 05, 'B', 11, 1, 0),
(807, '08A', 05, 'C', 11, 1, 0),
(808, '08A', 05, 'I', 11, 1, 0),
(809, '08A', 05, 'A', 13, 1, 0),
(810, '08A', 05, 'B', 13, 1, 0),
(811, '08A', 05, 'C', 13, 1, 0),
(812, '08A', 05, 'I', 13, 1, 0),
(813, '08A', 05, 'A', 14, 1, 0),
(814, '08A', 05, 'B', 14, 1, 0),
(815, '08A', 05, 'C', 14, 1, 0),
(816, '08A', 05, 'I', 14, 1, 0),
(817, '08A', 05, 'A', 16, 1, 0),
(818, '08A', 05, 'B', 16, 1, 0),
(819, '08A', 05, 'C', 16, 1, 0),
(820, '08A', 05, 'I', 16, 1, 0),
(821, '08A', 05, 'A', 17, 1, 0),
(822, '08A', 05, 'B', 17, 1, 0),
(823, '08A', 05, 'C', 17, 1, 0),
(824, '08A', 05, 'I', 17, 1, 0),
(825, '08A', 05, 'A', 18, 1, 0),
(826, '08A', 05, 'B', 18, 1, 0),
(827, '08A', 05, 'C', 18, 1, 0),
(828, '08A', 05, 'I', 18, 1, 0),
(829, '08A', 06, 'A', 01, 1, 0),
(830, '08A', 06, 'B', 01, 1, 0),
(831, '08A', 06, 'C', 01, 1, 0),
(832, '08A', 06, 'I', 01, 1, 0),
(833, '08A', 06, 'A', 03, 1, 0),
(834, '08A', 06, 'B', 03, 1, 0),
(835, '08A', 06, 'C', 03, 1, 0),
(836, '08A', 06, 'I', 03, 1, 0),
(837, '08A', 06, 'A', 04, 1, 0),
(838, '08A', 06, 'B', 04, 1, 0),
(839, '08A', 06, 'C', 04, 1, 0),
(840, '08A', 06, 'I', 04, 1, 0),
(841, '08A', 06, 'A', 05, 1, 0),
(842, '08A', 06, 'B', 05, 1, 0),
(843, '08A', 06, 'C', 05, 1, 0),
(844, '08A', 06, 'I', 05, 1, 0),
(845, '08A', 06, 'A', 09, 1, 0),
(846, '08A', 06, 'B', 09, 1, 0),
(847, '08A', 06, 'C', 09, 1, 0),
(848, '08A', 06, 'I', 09, 1, 0),
(849, '08A', 06, 'A', 10, 1, 0),
(850, '08A', 06, 'B', 10, 1, 0),
(851, '08A', 06, 'C', 10, 1, 0),
(852, '08A', 06, 'I', 10, 1, 0),
(853, '08A', 06, 'A', 11, 1, 0),
(854, '08A', 06, 'B', 11, 1, 0),
(855, '08A', 06, 'C', 11, 1, 0),
(856, '08A', 06, 'I', 11, 1, 0),
(857, '08A', 06, 'A', 13, 1, 0),
(858, '08A', 06, 'B', 13, 1, 0),
(859, '08A', 06, 'C', 13, 1, 0),
(860, '08A', 06, 'I', 13, 1, 0),
(861, '08A', 06, 'A', 14, 1, 0),
(862, '08A', 06, 'B', 14, 1, 0),
(863, '08A', 06, 'C', 14, 1, 0),
(864, '08A', 06, 'I', 14, 1, 0),
(865, '08A', 06, 'A', 16, 1, 0),
(866, '08A', 06, 'B', 16, 1, 0),
(867, '08A', 06, 'C', 16, 1, 0),
(868, '08A', 06, 'I', 16, 1, 0),
(869, '08A', 06, 'A', 17, 1, 0),
(870, '08A', 06, 'B', 17, 1, 0),
(871, '08A', 06, 'C', 17, 1, 0),
(872, '08A', 06, 'I', 17, 1, 0),
(873, '08A', 06, 'A', 18, 1, 0),
(874, '08A', 06, 'B', 18, 1, 0),
(875, '08A', 06, 'C', 18, 1, 0),
(876, '08A', 06, 'I', 18, 1, 0),
(877, '08A', 07, 'A', 01, 1, 0),
(878, '08A', 07, 'B', 01, 1, 0),
(879, '08A', 07, 'C', 01, 1, 0),
(880, '08A', 07, 'I', 01, 1, 0),
(881, '08A', 07, 'A', 03, 1, 0),
(882, '08A', 07, 'B', 03, 1, 0),
(883, '08A', 07, 'C', 03, 1, 0),
(884, '08A', 07, 'I', 03, 1, 0),
(885, '08A', 07, 'A', 04, 1, 0),
(886, '08A', 07, 'B', 04, 1, 0),
(887, '08A', 07, 'C', 04, 1, 0),
(888, '08A', 07, 'I', 04, 1, 0),
(889, '08A', 07, 'A', 05, 1, 0),
(890, '08A', 07, 'B', 05, 1, 0),
(891, '08A', 07, 'C', 05, 1, 0),
(892, '08A', 07, 'I', 05, 1, 0),
(893, '08A', 07, 'A', 09, 1, 0),
(894, '08A', 07, 'B', 09, 1, 0),
(895, '08A', 07, 'C', 09, 1, 0),
(896, '08A', 07, 'I', 09, 1, 0),
(897, '08A', 07, 'A', 10, 1, 0),
(898, '08A', 07, 'B', 10, 1, 0),
(899, '08A', 07, 'C', 10, 1, 0),
(900, '08A', 07, 'I', 10, 1, 0),
(901, '08A', 07, 'A', 11, 1, 0),
(902, '08A', 07, 'B', 11, 1, 0),
(903, '08A', 07, 'C', 11, 1, 0),
(904, '08A', 07, 'I', 11, 1, 0),
(905, '08A', 07, 'A', 13, 1, 0),
(906, '08A', 07, 'B', 13, 1, 0),
(907, '08A', 07, 'C', 13, 1, 0),
(908, '08A', 07, 'I', 13, 1, 0),
(909, '08A', 07, 'A', 14, 1, 0),
(910, '08A', 07, 'B', 14, 1, 0),
(911, '08A', 07, 'C', 14, 1, 0),
(912, '08A', 07, 'I', 14, 1, 0),
(913, '08A', 07, 'A', 16, 1, 0),
(914, '08A', 07, 'B', 16, 1, 0),
(915, '08A', 07, 'C', 16, 1, 0),
(916, '08A', 07, 'I', 16, 1, 0),
(917, '08A', 07, 'A', 17, 1, 0),
(918, '08A', 07, 'B', 17, 1, 0),
(919, '08A', 07, 'C', 17, 1, 0),
(920, '08A', 07, 'I', 17, 1, 0),
(921, '08A', 07, 'A', 18, 1, 0),
(922, '08A', 07, 'B', 18, 1, 0),
(923, '08A', 07, 'C', 18, 1, 0),
(924, '08A', 07, 'I', 18, 1, 0),
(925, '08A', 08, 'A', 01, 1, 0),
(926, '08A', 08, 'B', 01, 1, 0),
(927, '08A', 08, 'C', 01, 1, 0),
(928, '08A', 08, 'I', 01, 1, 0),
(929, '08A', 08, 'A', 03, 1, 0),
(930, '08A', 08, 'B', 03, 1, 0),
(931, '08A', 08, 'C', 03, 1, 0),
(932, '08A', 08, 'I', 03, 1, 0),
(933, '08A', 08, 'A', 04, 1, 0),
(934, '08A', 08, 'B', 04, 1, 0),
(935, '08A', 08, 'C', 04, 1, 0),
(936, '08A', 08, 'I', 04, 1, 0),
(937, '08A', 08, 'A', 05, 1, 0),
(938, '08A', 08, 'B', 05, 1, 0),
(939, '08A', 08, 'C', 05, 1, 0),
(940, '08A', 08, 'I', 05, 1, 0),
(941, '08A', 08, 'A', 09, 1, 0),
(942, '08A', 08, 'B', 09, 1, 0),
(943, '08A', 08, 'C', 09, 1, 0),
(944, '08A', 08, 'I', 09, 1, 0),
(945, '08A', 08, 'A', 10, 1, 0),
(946, '08A', 08, 'B', 10, 1, 0),
(947, '08A', 08, 'C', 10, 1, 0),
(948, '08A', 08, 'I', 10, 1, 0),
(949, '08A', 08, 'A', 11, 1, 0),
(950, '08A', 08, 'B', 11, 1, 0),
(951, '08A', 08, 'C', 11, 1, 0),
(952, '08A', 08, 'I', 11, 1, 0),
(953, '08A', 08, 'A', 13, 1, 0),
(954, '08A', 08, 'B', 13, 1, 0),
(955, '08A', 08, 'C', 13, 1, 0),
(956, '08A', 08, 'I', 13, 1, 0),
(957, '08A', 08, 'A', 14, 1, 0),
(958, '08A', 08, 'B', 14, 1, 0),
(959, '08A', 08, 'C', 14, 1, 0),
(960, '08A', 08, 'I', 14, 1, 0),
(961, '08A', 08, 'A', 16, 1, 0),
(962, '08A', 08, 'B', 16, 1, 0),
(963, '08A', 08, 'C', 16, 1, 0),
(964, '08A', 08, 'I', 16, 1, 0),
(965, '08A', 08, 'A', 17, 1, 0),
(966, '08A', 08, 'B', 17, 1, 0),
(967, '08A', 08, 'C', 17, 1, 0),
(968, '08A', 08, 'I', 17, 1, 0),
(969, '08A', 08, 'A', 18, 1, 0),
(970, '08A', 08, 'B', 18, 1, 0),
(971, '08A', 08, 'C', 18, 1, 0),
(972, '08A', 08, 'I', 18, 1, 0),
(973, '09A', 01, 'A', 01, 1, 0),
(974, '09A', 01, 'B', 01, 1, 0),
(975, '09A', 01, 'C', 01, 1, 0),
(976, '09A', 01, 'I', 01, 1, 0),
(977, '09A', 01, 'A', 03, 1, 0),
(978, '09A', 01, 'B', 03, 1, 0),
(979, '09A', 01, 'C', 03, 1, 0),
(980, '09A', 01, 'I', 03, 1, 0),
(981, '09A', 01, 'A', 04, 1, 0),
(982, '09A', 01, 'B', 04, 1, 0),
(983, '09A', 01, 'C', 04, 1, 0),
(984, '09A', 01, 'I', 04, 1, 0),
(985, '09A', 01, 'A', 05, 1, 0),
(986, '09A', 01, 'B', 05, 1, 0),
(987, '09A', 01, 'C', 05, 1, 0),
(988, '09A', 01, 'I', 05, 1, 0),
(989, '09A', 01, 'A', 09, 1, 0),
(990, '09A', 01, 'B', 09, 1, 0),
(991, '09A', 01, 'C', 09, 1, 0),
(992, '09A', 01, 'I', 09, 1, 0),
(993, '09A', 01, 'A', 10, 1, 0),
(994, '09A', 01, 'B', 10, 1, 0),
(995, '09A', 01, 'C', 10, 1, 0),
(996, '09A', 01, 'I', 10, 1, 0),
(997, '09A', 01, 'A', 11, 1, 0),
(998, '09A', 01, 'B', 11, 1, 0),
(999, '09A', 01, 'C', 11, 1, 0),
(1000, '09A', 01, 'I', 11, 1, 0),
(1001, '09A', 01, 'A', 13, 1, 0),
(1002, '09A', 01, 'B', 13, 1, 0),
(1003, '09A', 01, 'C', 13, 1, 0),
(1004, '09A', 01, 'I', 13, 1, 0),
(1005, '09A', 01, 'A', 29, 1, 0),
(1006, '09A', 01, 'B', 29, 1, 0),
(1007, '09A', 01, 'C', 29, 1, 0),
(1008, '09A', 01, 'I', 29, 1, 0),
(1009, '09A', 01, 'A', 32, 1, 0),
(1010, '09A', 01, 'B', 32, 1, 0),
(1011, '09A', 01, 'C', 32, 1, 0),
(1012, '09A', 01, 'I', 32, 1, 0),
(1013, '09A', 02, 'A', 01, 1, 0),
(1014, '09A', 02, 'B', 01, 1, 0),
(1015, '09A', 02, 'C', 01, 1, 0),
(1016, '09A', 02, 'I', 01, 1, 0),
(1017, '09A', 02, 'A', 03, 1, 0),
(1018, '09A', 02, 'B', 03, 1, 0),
(1019, '09A', 02, 'C', 03, 1, 0),
(1020, '09A', 02, 'I', 03, 1, 0),
(1021, '09A', 02, 'A', 04, 1, 0),
(1022, '09A', 02, 'B', 04, 1, 0),
(1023, '09A', 02, 'C', 04, 1, 0),
(1024, '09A', 02, 'I', 04, 1, 0),
(1025, '09A', 02, 'A', 05, 1, 0),
(1026, '09A', 02, 'B', 05, 1, 0),
(1027, '09A', 02, 'C', 05, 1, 0),
(1028, '09A', 02, 'I', 05, 1, 0),
(1029, '09A', 02, 'A', 09, 1, 0),
(1030, '09A', 02, 'B', 09, 1, 0),
(1031, '09A', 02, 'C', 09, 1, 0),
(1032, '09A', 02, 'I', 09, 1, 0),
(1033, '09A', 02, 'A', 10, 1, 0),
(1034, '09A', 02, 'B', 10, 1, 0),
(1035, '09A', 02, 'C', 10, 1, 0),
(1036, '09A', 02, 'I', 10, 1, 0),
(1037, '09A', 02, 'A', 11, 1, 0),
(1038, '09A', 02, 'B', 11, 1, 0),
(1039, '09A', 02, 'C', 11, 1, 0),
(1040, '09A', 02, 'I', 11, 1, 0),
(1041, '09A', 02, 'A', 13, 1, 0),
(1042, '09A', 02, 'B', 13, 1, 0),
(1043, '09A', 02, 'C', 13, 1, 0),
(1044, '09A', 02, 'I', 13, 1, 0),
(1045, '09A', 02, 'A', 14, 1, 0),
(1046, '09A', 02, 'B', 14, 1, 0),
(1047, '09A', 02, 'C', 14, 1, 0),
(1048, '09A', 02, 'I', 14, 1, 0),
(1049, '09A', 02, 'A', 16, 1, 0),
(1050, '09A', 02, 'B', 16, 1, 0),
(1051, '09A', 02, 'C', 16, 1, 0),
(1052, '09A', 02, 'I', 16, 1, 0),
(1053, '09A', 02, 'A', 17, 1, 0),
(1054, '09A', 02, 'B', 17, 1, 0),
(1055, '09A', 02, 'C', 17, 1, 0),
(1056, '09A', 02, 'I', 17, 1, 0),
(1057, '09A', 02, 'A', 18, 1, 0),
(1058, '09A', 02, 'B', 18, 1, 0),
(1059, '09A', 02, 'C', 18, 1, 0),
(1060, '09A', 02, 'I', 18, 1, 0),
(1061, '09A', 02, 'A', 22, 1, 0),
(1062, '09A', 02, 'B', 22, 1, 0),
(1063, '09A', 02, 'C', 22, 1, 0),
(1064, '09A', 02, 'I', 22, 1, 0),
(1065, '09A', 02, 'A', 23, 1, 0),
(1066, '09A', 02, 'B', 23, 1, 0),
(1067, '09A', 02, 'C', 23, 1, 0),
(1068, '09A', 02, 'I', 23, 1, 0),
(1069, '09A', 02, 'A', 24, 1, 0),
(1070, '09A', 02, 'B', 24, 1, 0),
(1071, '09A', 02, 'C', 24, 1, 0),
(1072, '09A', 02, 'I', 24, 1, 0),
(1073, '09A', 02, 'A', 26, 1, 0),
(1074, '09A', 02, 'B', 26, 1, 0),
(1075, '09A', 02, 'C', 26, 1, 0),
(1076, '09A', 02, 'I', 26, 1, 0),
(1077, '09A', 03, 'A', 01, 1, 0),
(1078, '09A', 03, 'B', 01, 1, 0),
(1079, '09A', 03, 'C', 01, 1, 0),
(1080, '09A', 03, 'I', 01, 1, 0),
(1081, '09A', 03, 'A', 03, 1, 0),
(1082, '09A', 03, 'B', 03, 1, 0),
(1083, '09A', 03, 'C', 03, 1, 0),
(1084, '09A', 03, 'I', 03, 1, 0),
(1085, '09A', 03, 'A', 04, 1, 0),
(1086, '09A', 03, 'B', 04, 1, 0),
(1087, '09A', 03, 'C', 04, 1, 0),
(1088, '09A', 03, 'I', 04, 1, 0),
(1089, '09A', 03, 'A', 05, 1, 0),
(1090, '09A', 03, 'B', 05, 1, 0),
(1091, '09A', 03, 'C', 05, 1, 0),
(1092, '09A', 03, 'I', 05, 1, 0),
(1093, '09A', 03, 'A', 09, 1, 0),
(1094, '09A', 03, 'B', 09, 1, 0),
(1095, '09A', 03, 'C', 09, 1, 0),
(1096, '09A', 03, 'I', 09, 1, 0),
(1097, '09A', 03, 'A', 10, 1, 0),
(1098, '09A', 03, 'B', 10, 1, 0),
(1099, '09A', 03, 'C', 10, 1, 0),
(1100, '09A', 03, 'I', 10, 1, 0),
(1101, '09A', 03, 'A', 11, 1, 0),
(1102, '09A', 03, 'B', 11, 1, 0),
(1103, '09A', 03, 'C', 11, 1, 0),
(1104, '09A', 03, 'I', 11, 1, 0),
(1105, '09A', 03, 'A', 13, 1, 0),
(1106, '09A', 03, 'B', 13, 1, 0),
(1107, '09A', 03, 'C', 13, 1, 0),
(1108, '09A', 03, 'I', 13, 1, 0),
(1109, '09A', 03, 'A', 14, 1, 0),
(1110, '09A', 03, 'B', 14, 1, 0),
(1111, '09A', 03, 'C', 14, 1, 0),
(1112, '09A', 03, 'I', 14, 1, 0),
(1113, '09A', 03, 'A', 16, 1, 0),
(1114, '09A', 03, 'B', 16, 1, 0),
(1115, '09A', 03, 'C', 16, 1, 0),
(1116, '09A', 03, 'I', 16, 1, 0),
(1117, '09A', 03, 'A', 17, 1, 0),
(1118, '09A', 03, 'B', 17, 1, 0),
(1119, '09A', 03, 'C', 17, 1, 0),
(1120, '09A', 03, 'I', 17, 1, 0),
(1121, '09A', 03, 'A', 18, 1, 0),
(1122, '09A', 03, 'B', 18, 1, 0),
(1123, '09A', 03, 'C', 18, 1, 0),
(1124, '09A', 03, 'I', 18, 1, 0),
(1125, '09A', 03, 'A', 22, 1, 0),
(1126, '09A', 03, 'B', 22, 1, 0),
(1127, '09A', 03, 'C', 22, 1, 0),
(1128, '09A', 03, 'I', 22, 1, 0),
(1129, '09A', 03, 'A', 23, 1, 0),
(1130, '09A', 03, 'B', 23, 1, 0),
(1131, '09A', 03, 'C', 23, 1, 0),
(1132, '09A', 03, 'I', 23, 1, 0),
(1133, '09A', 03, 'A', 24, 1, 0),
(1134, '09A', 03, 'B', 24, 1, 0),
(1135, '09A', 03, 'C', 24, 1, 0),
(1136, '09A', 03, 'I', 24, 1, 0),
(1137, '09A', 03, 'A', 26, 1, 0),
(1138, '09A', 03, 'B', 26, 1, 0),
(1139, '09A', 03, 'C', 26, 1, 0),
(1140, '09A', 03, 'I', 26, 1, 0),
(1141, '09A', 04, 'A', 01, 1, 0),
(1142, '09A', 04, 'B', 01, 1, 0),
(1143, '09A', 04, 'C', 01, 1, 0),
(1144, '09A', 04, 'I', 01, 1, 0),
(1145, '09A', 04, 'A', 03, 1, 0),
(1146, '09A', 04, 'B', 03, 1, 0),
(1147, '09A', 04, 'C', 03, 1, 0),
(1148, '09A', 04, 'I', 03, 1, 0),
(1149, '09A', 04, 'A', 04, 1, 0),
(1150, '09A', 04, 'B', 04, 1, 0),
(1151, '09A', 04, 'C', 04, 1, 0),
(1152, '09A', 04, 'I', 04, 1, 0),
(1153, '09A', 04, 'A', 05, 1, 0),
(1154, '09A', 04, 'B', 05, 1, 0),
(1155, '09A', 04, 'C', 05, 1, 0),
(1156, '09A', 04, 'I', 05, 1, 0),
(1157, '09A', 04, 'A', 09, 1, 0),
(1158, '09A', 04, 'B', 09, 1, 0),
(1159, '09A', 04, 'C', 09, 1, 0),
(1160, '09A', 04, 'I', 09, 1, 0),
(1161, '09A', 04, 'A', 10, 1, 0),
(1162, '09A', 04, 'B', 10, 1, 0),
(1163, '09A', 04, 'C', 10, 1, 0),
(1164, '09A', 04, 'I', 10, 1, 0),
(1165, '09A', 04, 'A', 11, 1, 0),
(1166, '09A', 04, 'B', 11, 1, 0),
(1167, '09A', 04, 'C', 11, 1, 0),
(1168, '09A', 04, 'I', 11, 1, 0),
(1169, '09A', 04, 'A', 13, 1, 0),
(1170, '09A', 04, 'B', 13, 1, 0),
(1171, '09A', 04, 'C', 13, 1, 0),
(1172, '09A', 04, 'I', 13, 1, 0),
(1173, '09A', 04, 'A', 14, 1, 0),
(1174, '09A', 04, 'B', 14, 1, 0),
(1175, '09A', 04, 'C', 14, 1, 0),
(1176, '09A', 04, 'I', 14, 1, 0),
(1177, '09A', 04, 'A', 16, 1, 0),
(1178, '09A', 04, 'B', 16, 1, 0),
(1179, '09A', 04, 'C', 16, 1, 0),
(1180, '09A', 04, 'I', 16, 1, 0),
(1181, '09A', 04, 'A', 17, 1, 0),
(1182, '09A', 04, 'B', 17, 1, 0),
(1183, '09A', 04, 'C', 17, 1, 0),
(1184, '09A', 04, 'I', 17, 1, 0),
(1185, '09A', 04, 'A', 18, 1, 0),
(1186, '09A', 04, 'B', 18, 1, 0),
(1187, '09A', 04, 'C', 18, 1, 0),
(1188, '09A', 04, 'I', 18, 1, 0),
(1189, '09A', 04, 'A', 22, 1, 0),
(1190, '09A', 04, 'B', 22, 1, 0),
(1191, '09A', 04, 'C', 22, 1, 0),
(1192, '09A', 04, 'I', 22, 1, 0),
(1193, '09A', 04, 'A', 23, 1, 0),
(1194, '09A', 04, 'B', 23, 1, 0),
(1195, '09A', 04, 'C', 23, 1, 0),
(1196, '09A', 04, 'I', 23, 1, 0),
(1197, '09A', 04, 'A', 24, 1, 0),
(1198, '09A', 04, 'B', 24, 1, 0),
(1199, '09A', 04, 'C', 24, 1, 0),
(1200, '09A', 04, 'I', 24, 1, 0),
(1201, '09A', 04, 'A', 26, 1, 0),
(1202, '09A', 04, 'B', 26, 1, 0),
(1203, '09A', 04, 'C', 26, 1, 0),
(1204, '09A', 04, 'I', 26, 1, 0),
(1205, '09A', 05, 'A', 01, 1, 0),
(1206, '09A', 05, 'B', 01, 1, 0),
(1207, '09A', 05, 'C', 01, 1, 0),
(1208, '09A', 05, 'I', 01, 1, 0),
(1209, '09A', 05, 'A', 03, 1, 0),
(1210, '09A', 05, 'B', 03, 1, 0),
(1211, '09A', 05, 'C', 03, 1, 0),
(1212, '09A', 05, 'I', 03, 1, 0),
(1213, '09A', 05, 'A', 04, 1, 0),
(1214, '09A', 05, 'B', 04, 1, 0),
(1215, '09A', 05, 'C', 04, 1, 0),
(1216, '09A', 05, 'I', 04, 1, 0),
(1217, '09A', 05, 'A', 05, 1, 0),
(1218, '09A', 05, 'B', 05, 1, 0),
(1219, '09A', 05, 'C', 05, 1, 0),
(1220, '09A', 05, 'I', 05, 1, 0),
(1221, '09A', 05, 'A', 09, 1, 0),
(1222, '09A', 05, 'B', 09, 1, 0),
(1223, '09A', 05, 'C', 09, 1, 0),
(1224, '09A', 05, 'I', 09, 1, 0),
(1225, '09A', 05, 'A', 10, 1, 0),
(1226, '09A', 05, 'B', 10, 1, 0),
(1227, '09A', 05, 'C', 10, 1, 0),
(1228, '09A', 05, 'I', 10, 1, 0),
(1229, '09A', 05, 'A', 11, 1, 0),
(1230, '09A', 05, 'B', 11, 1, 0),
(1231, '09A', 05, 'C', 11, 1, 0),
(1232, '09A', 05, 'I', 11, 1, 0),
(1233, '09A', 05, 'A', 13, 1, 0),
(1234, '09A', 05, 'B', 13, 1, 0),
(1235, '09A', 05, 'C', 13, 1, 0),
(1236, '09A', 05, 'I', 13, 1, 0),
(1237, '09A', 05, 'A', 14, 1, 0),
(1238, '09A', 05, 'B', 14, 1, 0),
(1239, '09A', 05, 'C', 14, 1, 0),
(1240, '09A', 05, 'I', 14, 1, 0),
(1241, '09A', 05, 'A', 16, 1, 0),
(1242, '09A', 05, 'B', 16, 1, 0),
(1243, '09A', 05, 'C', 16, 1, 0),
(1244, '09A', 05, 'I', 16, 1, 0),
(1245, '09A', 05, 'A', 17, 1, 0),
(1246, '09A', 05, 'B', 17, 1, 0),
(1247, '09A', 05, 'C', 17, 1, 0),
(1248, '09A', 05, 'I', 17, 1, 0),
(1249, '09A', 05, 'A', 18, 1, 0),
(1250, '09A', 05, 'B', 18, 1, 0),
(1251, '09A', 05, 'C', 18, 1, 0),
(1252, '09A', 05, 'I', 18, 1, 0),
(1253, '09A', 05, 'A', 22, 1, 0),
(1254, '09A', 05, 'B', 22, 1, 0),
(1255, '09A', 05, 'C', 22, 1, 0),
(1256, '09A', 05, 'I', 22, 1, 0),
(1257, '09A', 05, 'A', 23, 1, 0),
(1258, '09A', 05, 'B', 23, 1, 0),
(1259, '09A', 05, 'C', 23, 1, 0),
(1260, '09A', 05, 'I', 23, 1, 0),
(1261, '09A', 05, 'A', 24, 1, 0),
(1262, '09A', 05, 'B', 24, 1, 0),
(1263, '09A', 05, 'C', 24, 1, 0),
(1264, '09A', 05, 'I', 24, 1, 0),
(1265, '09A', 05, 'A', 26, 1, 0),
(1266, '09A', 05, 'B', 26, 1, 0),
(1267, '09A', 05, 'C', 26, 1, 0),
(1268, '09A', 05, 'I', 26, 1, 0),
(1269, '09A', 06, 'A', 01, 1, 0),
(1270, '09A', 06, 'B', 01, 1, 0),
(1271, '09A', 06, 'C', 01, 1, 0),
(1272, '09A', 06, 'I', 01, 1, 0),
(1273, '09A', 06, 'A', 03, 1, 0),
(1274, '09A', 06, 'B', 03, 1, 0),
(1275, '09A', 06, 'C', 03, 1, 0),
(1276, '09A', 06, 'I', 03, 1, 0),
(1277, '09A', 06, 'A', 04, 1, 0),
(1278, '09A', 06, 'B', 04, 1, 0),
(1279, '09A', 06, 'C', 04, 1, 0),
(1280, '09A', 06, 'I', 04, 1, 0),
(1281, '09A', 06, 'A', 05, 1, 0),
(1282, '09A', 06, 'B', 05, 1, 0),
(1283, '09A', 06, 'C', 05, 1, 0),
(1284, '09A', 06, 'I', 05, 1, 0),
(1285, '09A', 06, 'A', 09, 1, 0),
(1286, '09A', 06, 'B', 09, 1, 0),
(1287, '09A', 06, 'C', 09, 1, 0),
(1288, '09A', 06, 'I', 09, 1, 0),
(1289, '09A', 06, 'A', 10, 1, 0),
(1290, '09A', 06, 'B', 10, 1, 0),
(1291, '09A', 06, 'C', 10, 1, 0),
(1292, '09A', 06, 'I', 10, 1, 0),
(1293, '09A', 06, 'A', 11, 1, 0),
(1294, '09A', 06, 'B', 11, 1, 0),
(1295, '09A', 06, 'C', 11, 1, 0),
(1296, '09A', 06, 'I', 11, 1, 0),
(1297, '09A', 06, 'A', 13, 1, 0),
(1298, '09A', 06, 'B', 13, 1, 0),
(1299, '09A', 06, 'C', 13, 1, 0),
(1300, '09A', 06, 'I', 13, 1, 0),
(1301, '09A', 06, 'A', 14, 1, 0),
(1302, '09A', 06, 'B', 14, 1, 0),
(1303, '09A', 06, 'C', 14, 1, 0),
(1304, '09A', 06, 'I', 14, 1, 0),
(1305, '09A', 06, 'A', 16, 1, 0),
(1306, '09A', 06, 'B', 16, 1, 0),
(1307, '09A', 06, 'C', 16, 1, 0),
(1308, '09A', 06, 'I', 16, 1, 0),
(1309, '09A', 06, 'A', 17, 1, 0),
(1310, '09A', 06, 'B', 17, 1, 0),
(1311, '09A', 06, 'C', 17, 1, 0),
(1312, '09A', 06, 'I', 17, 1, 0),
(1313, '09A', 06, 'A', 18, 1, 0),
(1314, '09A', 06, 'B', 18, 1, 0),
(1315, '09A', 06, 'C', 18, 1, 0),
(1316, '09A', 06, 'I', 18, 1, 0),
(1317, '09A', 06, 'A', 22, 1, 0),
(1318, '09A', 06, 'B', 22, 1, 0),
(1319, '09A', 06, 'C', 22, 1, 0),
(1320, '09A', 06, 'I', 22, 1, 0),
(1321, '09A', 06, 'A', 23, 1, 0),
(1322, '09A', 06, 'B', 23, 1, 0),
(1323, '09A', 06, 'C', 23, 1, 0),
(1324, '09A', 06, 'I', 23, 1, 0),
(1325, '09A', 06, 'A', 24, 1, 0),
(1326, '09A', 06, 'B', 24, 1, 0),
(1327, '09A', 06, 'C', 24, 1, 0),
(1328, '09A', 06, 'I', 24, 1, 0),
(1329, '09A', 06, 'A', 26, 1, 0),
(1330, '09A', 06, 'B', 26, 1, 0),
(1331, '09A', 06, 'C', 26, 1, 0),
(1332, '09A', 06, 'I', 26, 1, 0),
(1333, '09A', 07, 'A', 01, 1, 0),
(1334, '09A', 07, 'B', 01, 1, 0),
(1335, '09A', 07, 'C', 01, 1, 0),
(1336, '09A', 07, 'I', 01, 1, 0),
(1337, '09A', 07, 'A', 03, 1, 0),
(1338, '09A', 07, 'B', 03, 1, 0),
(1339, '09A', 07, 'C', 03, 1, 0),
(1340, '09A', 07, 'I', 03, 1, 0),
(1341, '09A', 07, 'A', 04, 1, 0),
(1342, '09A', 07, 'B', 04, 1, 0),
(1343, '09A', 07, 'C', 04, 1, 0),
(1344, '09A', 07, 'I', 04, 1, 0),
(1345, '09A', 07, 'A', 05, 1, 0),
(1346, '09A', 07, 'B', 05, 1, 0),
(1347, '09A', 07, 'C', 05, 1, 0),
(1348, '09A', 07, 'I', 05, 1, 0),
(1349, '09A', 07, 'A', 09, 1, 0),
(1350, '09A', 07, 'B', 09, 1, 0),
(1351, '09A', 07, 'C', 09, 1, 0),
(1352, '09A', 07, 'I', 09, 1, 0),
(1353, '09A', 07, 'A', 10, 1, 0),
(1354, '09A', 07, 'B', 10, 1, 0),
(1355, '09A', 07, 'C', 10, 1, 0),
(1356, '09A', 07, 'I', 10, 1, 0),
(1357, '09A', 07, 'A', 11, 1, 0),
(1358, '09A', 07, 'B', 11, 1, 0),
(1359, '09A', 07, 'C', 11, 1, 0),
(1360, '09A', 07, 'I', 11, 1, 0),
(1361, '09A', 07, 'A', 13, 1, 0),
(1362, '09A', 07, 'B', 13, 1, 0),
(1363, '09A', 07, 'C', 13, 1, 0),
(1364, '09A', 07, 'I', 13, 1, 0),
(1365, '09A', 07, 'A', 14, 1, 0),
(1366, '09A', 07, 'B', 14, 1, 0),
(1367, '09A', 07, 'C', 14, 1, 0),
(1368, '09A', 07, 'I', 14, 1, 0),
(1369, '09A', 07, 'A', 16, 1, 0),
(1370, '09A', 07, 'B', 16, 1, 0),
(1371, '09A', 07, 'C', 16, 1, 0),
(1372, '09A', 07, 'I', 16, 1, 0),
(1373, '09A', 07, 'A', 17, 1, 0),
(1374, '09A', 07, 'B', 17, 1, 0),
(1375, '09A', 07, 'C', 17, 1, 0),
(1376, '09A', 07, 'I', 17, 1, 0),
(1377, '09A', 07, 'A', 18, 1, 0),
(1378, '09A', 07, 'B', 18, 1, 0),
(1379, '09A', 07, 'C', 18, 1, 0),
(1380, '09A', 07, 'I', 18, 1, 0),
(1381, '09A', 07, 'A', 22, 1, 0),
(1382, '09A', 07, 'B', 22, 1, 0),
(1383, '09A', 07, 'C', 22, 1, 0),
(1384, '09A', 07, 'I', 22, 1, 0),
(1385, '09A', 07, 'A', 23, 1, 0),
(1386, '09A', 07, 'B', 23, 1, 0),
(1387, '09A', 07, 'C', 23, 1, 0),
(1388, '09A', 07, 'I', 23, 1, 0),
(1389, '09A', 07, 'A', 24, 1, 0),
(1390, '09A', 07, 'B', 24, 1, 0),
(1391, '09A', 07, 'C', 24, 1, 0),
(1392, '09A', 07, 'I', 24, 1, 0),
(1393, '09A', 07, 'A', 26, 1, 0),
(1394, '09A', 07, 'B', 26, 1, 0),
(1395, '09A', 07, 'C', 26, 1, 0),
(1396, '09A', 07, 'I', 26, 1, 0),
(1397, '09A', 08, 'A', 01, 1, 0),
(1398, '09A', 08, 'B', 01, 1, 0),
(1399, '09A', 08, 'C', 01, 1, 0),
(1400, '09A', 08, 'I', 01, 1, 0),
(1401, '09A', 08, 'A', 03, 1, 0),
(1402, '09A', 08, 'B', 03, 1, 0),
(1403, '09A', 08, 'C', 03, 1, 0),
(1404, '09A', 08, 'I', 03, 1, 0),
(1405, '09A', 08, 'A', 04, 1, 0),
(1406, '09A', 08, 'B', 04, 1, 0),
(1407, '09A', 08, 'C', 04, 1, 0),
(1408, '09A', 08, 'I', 04, 1, 0),
(1409, '09A', 08, 'A', 05, 1, 0),
(1410, '09A', 08, 'B', 05, 1, 0),
(1411, '09A', 08, 'C', 05, 1, 0),
(1412, '09A', 08, 'I', 05, 1, 0),
(1413, '09A', 08, 'A', 09, 1, 0),
(1414, '09A', 08, 'B', 09, 1, 0),
(1415, '09A', 08, 'C', 09, 1, 0),
(1416, '09A', 08, 'I', 09, 1, 0),
(1417, '09A', 08, 'A', 10, 1, 0),
(1418, '09A', 08, 'B', 10, 1, 0),
(1419, '09A', 08, 'C', 10, 1, 0),
(1420, '09A', 08, 'I', 10, 1, 0),
(1421, '09A', 08, 'A', 11, 1, 0),
(1422, '09A', 08, 'B', 11, 1, 0),
(1423, '09A', 08, 'C', 11, 1, 0),
(1424, '09A', 08, 'I', 11, 1, 0),
(1425, '09A', 08, 'A', 13, 1, 0),
(1426, '09A', 08, 'B', 13, 1, 0),
(1427, '09A', 08, 'C', 13, 1, 0),
(1428, '09A', 08, 'I', 13, 1, 0),
(1429, '09A', 08, 'A', 14, 1, 0),
(1430, '09A', 08, 'B', 14, 1, 0),
(1431, '09A', 08, 'C', 14, 1, 0),
(1432, '09A', 08, 'I', 14, 1, 0),
(1433, '09A', 08, 'A', 16, 1, 0),
(1434, '09A', 08, 'B', 16, 1, 0),
(1435, '09A', 08, 'C', 16, 1, 0),
(1436, '09A', 08, 'I', 16, 1, 0),
(1437, '09A', 08, 'A', 17, 1, 0),
(1438, '09A', 08, 'B', 17, 1, 0),
(1439, '09A', 08, 'C', 17, 1, 0),
(1440, '09A', 08, 'I', 17, 1, 0),
(1441, '09A', 08, 'A', 18, 1, 0),
(1442, '09A', 08, 'B', 18, 1, 0),
(1443, '09A', 08, 'C', 18, 1, 0),
(1444, '09A', 08, 'I', 18, 1, 0),
(1445, '09A', 08, 'A', 22, 1, 0),
(1446, '09A', 08, 'B', 22, 1, 0),
(1447, '09A', 08, 'C', 22, 1, 0),
(1448, '09A', 08, 'I', 22, 1, 0),
(1449, '09A', 08, 'A', 23, 1, 0),
(1450, '09A', 08, 'B', 23, 1, 0),
(1451, '09A', 08, 'C', 23, 1, 0),
(1452, '09A', 08, 'I', 23, 1, 0),
(1453, '09A', 08, 'A', 24, 1, 0),
(1454, '09A', 08, 'B', 24, 1, 0),
(1455, '09A', 08, 'C', 24, 1, 0),
(1456, '09A', 08, 'I', 24, 1, 0),
(1457, '09A', 08, 'A', 26, 1, 0),
(1458, '09A', 08, 'B', 26, 1, 0),
(1459, '09A', 08, 'C', 26, 1, 0),
(1460, '09A', 08, 'I', 26, 1, 0),
(1461, '09A', 09, 'A', 01, 1, 0),
(1462, '09A', 09, 'B', 01, 1, 0),
(1463, '09A', 09, 'C', 01, 1, 0),
(1464, '09A', 09, 'I', 01, 1, 0),
(1465, '09A', 09, 'A', 03, 1, 0),
(1466, '09A', 09, 'B', 03, 1, 0),
(1467, '09A', 09, 'C', 03, 1, 0),
(1468, '09A', 09, 'I', 03, 1, 0),
(1469, '09A', 09, 'A', 04, 1, 0),
(1470, '09A', 09, 'B', 04, 1, 0),
(1471, '09A', 09, 'C', 04, 1, 0),
(1472, '09A', 09, 'I', 04, 1, 0),
(1473, '09A', 09, 'A', 05, 1, 0),
(1474, '09A', 09, 'B', 05, 1, 0),
(1475, '09A', 09, 'C', 05, 1, 0),
(1476, '09A', 09, 'I', 05, 1, 0),
(1477, '09A', 09, 'A', 09, 1, 0),
(1478, '09A', 09, 'B', 09, 1, 0),
(1479, '09A', 09, 'C', 09, 1, 0),
(1480, '09A', 09, 'I', 09, 1, 0),
(1481, '09A', 09, 'A', 10, 1, 0),
(1482, '09A', 09, 'B', 10, 1, 0),
(1483, '09A', 09, 'C', 10, 1, 0),
(1484, '09A', 09, 'I', 10, 1, 0),
(1485, '09A', 09, 'A', 11, 1, 0),
(1486, '09A', 09, 'B', 11, 1, 0),
(1487, '09A', 09, 'C', 11, 1, 0),
(1488, '09A', 09, 'I', 11, 1, 0),
(1489, '09A', 09, 'A', 13, 1, 0),
(1490, '09A', 09, 'B', 13, 1, 0),
(1491, '09A', 09, 'C', 13, 1, 0),
(1492, '09A', 09, 'I', 13, 1, 0);

-- --------------------------------------------------------

--
-- Table structure for table `family`
--

CREATE TABLE `family` (
  `familyid` int(100) NOT NULL,
  `userid` int(100) DEFAULT NULL,
  `familymembersname` varchar(100) DEFAULT NULL,
  `institutename` varchar(255) DEFAULT NULL,
  `yearstudy` int(10) DEFAULT NULL,
  `fee` varchar(50) DEFAULT NULL,
  `feestatus` char(1) DEFAULT NULL,
  `totalscholarship` float(10,2) DEFAULT NULL,
  `ppkid` int(100) DEFAULT NULL
) ENGINE=InnoDB DEFAULT CHARSET=utf8mb4;

-- --------------------------------------------------------

--
-- Table structure for table `floors`
--

CREATE TABLE `floors` (
  `floornum` int(2) UNSIGNED ZEROFILL NOT NULL
) ENGINE=InnoDB DEFAULT CHARSET=utf8mb4;

--
-- Dumping data for table `floors`
--

INSERT INTO `floors` (`floornum`) VALUES
(01),
(02),
(03),
(04),
(05),
(06),
(07),
(08),
(09),
(10);

-- --------------------------------------------------------

--
-- Table structure for table `house`
--

CREATE TABLE `house` (
  `housenum` int(2) UNSIGNED ZEROFILL NOT NULL
) ENGINE=InnoDB DEFAULT CHARSET=utf8mb4;

--
-- Dumping data for table `house`
--

INSERT INTO `house` (`housenum`) VALUES
(01),
(02),
(03),
(04),
(05),
(06),
(07),
(08),
(09),
(10),
(11),
(12),
(13),
(14),
(15),
(16),
(17),
(18),
(19),
(20),
(21),
(22),
(23),
(24),
(25),
(26),
(29),
(32);

-- --------------------------------------------------------

--
-- Table structure for table `notify`
--

CREATE TABLE `notify` (
  `notifyid` int(100) NOT NULL,
  `text` text DEFAULT NULL,
  `status` int(11) DEFAULT NULL
) ENGINE=InnoDB DEFAULT CHARSET=utf8mb4;

-- --------------------------------------------------------

--
-- Table structure for table `ppk`
--

CREATE TABLE `ppk` (
  `ppkid` int(100) NOT NULL,
  `username` varchar(100) DEFAULT NULL,
  `userid` int(100) DEFAULT NULL,
  `userprogramme` varchar(50) DEFAULT NULL,
  `useric` varchar(50) DEFAULT NULL,
  `userphoneno` varchar(50) DEFAULT NULL,
  `usergpa` float(10,2) DEFAULT NULL,
  `usercgpa` float(10,2) DEFAULT NULL,
  `userstatusedu` varchar(50) DEFAULT NULL,
  `usercategory` varchar(50) DEFAULT NULL,
  `usercategoryelse` varchar(50) NOT NULL,
  `houseaddress` text DEFAULT NULL,
  `familyphoneno` varchar(50) DEFAULT NULL,
  `fathername` varchar(50) DEFAULT NULL,
  `fatherwork` varchar(50) DEFAULT NULL,
  `fatherincome` float(10,2) DEFAULT NULL,
  `fatherincomefile` varchar(255) DEFAULT NULL,
  `mothername` varchar(50) DEFAULT NULL,
  `motherwork` varchar(50) DEFAULT NULL,
  `motherincome` float(10,2) DEFAULT NULL,
  `motherincomefile` varchar(255) DEFAULT NULL,
  `totalincome` float(10,2) DEFAULT NULL,
  `totalsiblings` int(10) DEFAULT NULL,
  `siblingsnumber` int(10) DEFAULT NULL,
  `datesubmit` date DEFAULT NULL,
  `ppkstatus` varchar(50) DEFAULT NULL,
  `submissiontype` varchar(50) NOT NULL,
  `keputusan` text NOT NULL
) ENGINE=InnoDB DEFAULT CHARSET=utf8mb4;

-- --------------------------------------------------------

--
-- Table structure for table `register`
--

CREATE TABLE `register` (
  `registerid` int(100) NOT NULL,
  `userid` int(100) DEFAULT NULL,
  `blockname` varchar(3) DEFAULT NULL,
  `floornum` int(2) UNSIGNED ZEROFILL DEFAULT NULL,
  `roomname` char(1) DEFAULT NULL,
  `housenum` int(2) UNSIGNED ZEROFILL DEFAULT NULL,
  `finaldate` date DEFAULT NULL,
  `sentdatetime` datetime DEFAULT NULL,
  `statusGive` varchar(50) DEFAULT NULL,
  `statusReturn` varchar(50) DEFAULT NULL
) ENGINE=InnoDB DEFAULT CHARSET=utf8mb4;

-- --------------------------------------------------------

--
-- Table structure for table `registercovid`
--

CREATE TABLE `registercovid` (
  `registerCid` int(100) NOT NULL,
  `userid` int(100) DEFAULT NULL,
  `blockname` varchar(3) DEFAULT NULL,
  `floornum` int(2) UNSIGNED ZEROFILL DEFAULT NULL,
  `roomname` char(1) DEFAULT NULL,
  `housenum` int(2) UNSIGNED ZEROFILL DEFAULT NULL
) ENGINE=InnoDB DEFAULT CHARSET=utf8mb4;

-- --------------------------------------------------------

--
-- Table structure for table `rooms`
--

CREATE TABLE `rooms` (
  `roomname` char(1) NOT NULL
) ENGINE=InnoDB DEFAULT CHARSET=utf8mb4;

--
-- Dumping data for table `rooms`
--

INSERT INTO `rooms` (`roomname`) VALUES
('A'),
('B'),
('C'),
('I');

-- --------------------------------------------------------

--
-- Table structure for table `rstatus`
--

CREATE TABLE `rstatus` (
  `rstatusid` int(10) NOT NULL,
  `rstatus` varchar(50) DEFAULT NULL
) ENGINE=InnoDB DEFAULT CHARSET=utf8mb4;

--
-- Dumping data for table `rstatus`
--

INSERT INTO `rstatus` (`rstatusid`, `rstatus`) VALUES
(1, 'AVAILABLE'),
(2, 'OCCUPIED'),
(3, 'BLOCKED'),
(4, 'QUARANTINE');

-- --------------------------------------------------------

--
-- Table structure for table `tarikhdaftar`
--

CREATE TABLE `tarikhdaftar` (
  `tarikhdaftarid` int(10) NOT NULL,
  `dateopen` date DEFAULT NULL,
  `dateclose` date DEFAULT NULL
) ENGINE=InnoDB DEFAULT CHARSET=utf8mb4;

--
-- Dumping data for table `tarikhdaftar`
--

INSERT INTO `tarikhdaftar` (`tarikhdaftarid`, `dateopen`, `dateclose`) VALUES
(1, '2023-01-09', '2023-02-09');

-- --------------------------------------------------------

--
-- Table structure for table `tarikhppk`
--

CREATE TABLE `tarikhppk` (
  `tarikhppkid` int(10) NOT NULL,
  `dateopen` date DEFAULT NULL,
  `dateclose` date DEFAULT NULL,
  `sesi` varchar(50) DEFAULT NULL
) ENGINE=InnoDB DEFAULT CHARSET=utf8mb4;

--
-- Dumping data for table `tarikhppk`
--

INSERT INTO `tarikhppk` (`tarikhppkid`, `dateopen`, `dateclose`, `sesi`) VALUES
(1, '2023-01-01', '2023-02-11', 'SEPT 2022 - MAC 2023');

-- --------------------------------------------------------

--
-- Table structure for table `userlevels`
--

CREATE TABLE `userlevels` (
  `userlevelid` int(10) NOT NULL,
  `userlevelname` varchar(50) DEFAULT NULL
) ENGINE=InnoDB DEFAULT CHARSET=utf8mb4;

--
-- Dumping data for table `userlevels`
--

INSERT INTO `userlevels` (`userlevelid`, `userlevelname`) VALUES
(1, 'STAFF UPK'),
(2, 'USER'),
(3, 'SUPERADMIN'),
(4, 'AHLI PANEL'),
(5, 'JPK');

-- --------------------------------------------------------

--
-- Table structure for table `users`
--

CREATE TABLE `users` (
  `userid` int(100) NOT NULL,
  `useric` varchar(50) DEFAULT NULL,
  `username` varchar(50) DEFAULT NULL,
  `userpassword` varchar(50) DEFAULT NULL,
  `userphoneno` varchar(50) DEFAULT NULL,
  `userpart` int(10) DEFAULT NULL,
  `useremail` varchar(50) DEFAULT NULL,
  `userprogramme` varchar(50) DEFAULT NULL,
  `edaftar` int(11) NOT NULL,
  `ehousemate` int(11) NOT NULL,
  `userlevelid` int(10) DEFAULT NULL
) ENGINE=InnoDB DEFAULT CHARSET=utf8mb4;

--
-- Dumping data for table `users`
--

INSERT INTO `users` (`userid`, `useric`, `username`, `userpassword`, `userphoneno`, `userpart`, `useremail`, `userprogramme`, `edaftar`, `ehousemate`, `userlevelid`) VALUES
(206192, NULL, 'MUHAMAD FAIZAL BIN ABD KARIM', 'ec8673140dfd43e5c8b0e9ef6f3703b5', NULL, NULL, NULL, NULL, 0, 0, 3),
(207340, NULL, 'EILY BINTI AZER', '0903b2147bac47a811ecd5d592a11bd3', NULL, NULL, NULL, NULL, 0, 0, 3);

--
-- Indexes for dumped tables
--

--
-- Indexes for table `blocks`
--
ALTER TABLE `blocks`
  ADD PRIMARY KEY (`blockname`);

--
-- Indexes for table `composite`
--
ALTER TABLE `composite`
  ADD PRIMARY KEY (`compositeid`),
  ADD KEY `housenum` (`housenum`),
  ADD KEY `blockname` (`blockname`),
  ADD KEY `floornum` (`floornum`),
  ADD KEY `roomname` (`roomname`),
  ADD KEY `rstatusid` (`rstatusid`);

--
-- Indexes for table `family`
--
ALTER TABLE `family`
  ADD PRIMARY KEY (`familyid`),
  ADD KEY `userid` (`userid`),
  ADD KEY `ppkid` (`ppkid`);

--
-- Indexes for table `floors`
--
ALTER TABLE `floors`
  ADD PRIMARY KEY (`floornum`);

--
-- Indexes for table `house`
--
ALTER TABLE `house`
  ADD PRIMARY KEY (`housenum`);

--
-- Indexes for table `notify`
--
ALTER TABLE `notify`
  ADD PRIMARY KEY (`notifyid`);

--
-- Indexes for table `ppk`
--
ALTER TABLE `ppk`
  ADD PRIMARY KEY (`ppkid`),
  ADD KEY `userid` (`userid`);

--
-- Indexes for table `register`
--
ALTER TABLE `register`
  ADD PRIMARY KEY (`registerid`),
  ADD KEY `userid` (`userid`),
  ADD KEY `housenum` (`housenum`),
  ADD KEY `blockname` (`blockname`),
  ADD KEY `floornum` (`floornum`),
  ADD KEY `roomname` (`roomname`);

--
-- Indexes for table `registercovid`
--
ALTER TABLE `registercovid`
  ADD PRIMARY KEY (`registerCid`),
  ADD KEY `userid` (`userid`),
  ADD KEY `housenum` (`housenum`),
  ADD KEY `blockname` (`blockname`),
  ADD KEY `floornum` (`floornum`),
  ADD KEY `roomname` (`roomname`);

--
-- Indexes for table `rooms`
--
ALTER TABLE `rooms`
  ADD PRIMARY KEY (`roomname`);

--
-- Indexes for table `rstatus`
--
ALTER TABLE `rstatus`
  ADD PRIMARY KEY (`rstatusid`);

--
-- Indexes for table `tarikhdaftar`
--
ALTER TABLE `tarikhdaftar`
  ADD PRIMARY KEY (`tarikhdaftarid`);

--
-- Indexes for table `tarikhppk`
--
ALTER TABLE `tarikhppk`
  ADD PRIMARY KEY (`tarikhppkid`);

--
-- Indexes for table `userlevels`
--
ALTER TABLE `userlevels`
  ADD PRIMARY KEY (`userlevelid`);

--
-- Indexes for table `users`
--
ALTER TABLE `users`
  ADD PRIMARY KEY (`userid`),
  ADD KEY `userlevelid` (`userlevelid`);

--
-- AUTO_INCREMENT for dumped tables
--

--
-- AUTO_INCREMENT for table `composite`
--
ALTER TABLE `composite`
  MODIFY `compositeid` int(100) NOT NULL AUTO_INCREMENT, AUTO_INCREMENT=1493;

--
-- AUTO_INCREMENT for table `family`
--
ALTER TABLE `family`
  MODIFY `familyid` int(100) NOT NULL AUTO_INCREMENT, AUTO_INCREMENT=297;

--
-- AUTO_INCREMENT for table `notify`
--
ALTER TABLE `notify`
  MODIFY `notifyid` int(100) NOT NULL AUTO_INCREMENT, AUTO_INCREMENT=129;

--
-- AUTO_INCREMENT for table `ppk`
--
ALTER TABLE `ppk`
  MODIFY `ppkid` int(100) NOT NULL AUTO_INCREMENT, AUTO_INCREMENT=242;

--
-- AUTO_INCREMENT for table `register`
--
ALTER TABLE `register`
  MODIFY `registerid` int(100) NOT NULL AUTO_INCREMENT, AUTO_INCREMENT=847;

--
-- AUTO_INCREMENT for table `registercovid`
--
ALTER TABLE `registercovid`
  MODIFY `registerCid` int(100) NOT NULL AUTO_INCREMENT, AUTO_INCREMENT=24;

--
-- AUTO_INCREMENT for table `tarikhppk`
--
ALTER TABLE `tarikhppk`
  MODIFY `tarikhppkid` int(10) NOT NULL AUTO_INCREMENT, AUTO_INCREMENT=16;

--
-- Constraints for dumped tables
--

--
-- Constraints for table `composite`
--
ALTER TABLE `composite`
  ADD CONSTRAINT `composite_ibfk_1` FOREIGN KEY (`housenum`) REFERENCES `house` (`housenum`),
  ADD CONSTRAINT `composite_ibfk_2` FOREIGN KEY (`blockname`) REFERENCES `blocks` (`blockname`),
  ADD CONSTRAINT `composite_ibfk_3` FOREIGN KEY (`floornum`) REFERENCES `floors` (`floornum`),
  ADD CONSTRAINT `composite_ibfk_4` FOREIGN KEY (`roomname`) REFERENCES `rooms` (`roomname`),
  ADD CONSTRAINT `composite_ibfk_5` FOREIGN KEY (`rstatusid`) REFERENCES `rstatus` (`rstatusid`);

--
-- Constraints for table `family`
--
ALTER TABLE `family`
  ADD CONSTRAINT `family_ibfk_1` FOREIGN KEY (`userid`) REFERENCES `users` (`userid`),
  ADD CONSTRAINT `family_ibfk_2` FOREIGN KEY (`ppkid`) REFERENCES `ppk` (`ppkid`);

--
-- Constraints for table `ppk`
--
ALTER TABLE `ppk`
  ADD CONSTRAINT `ppk_ibfk_1` FOREIGN KEY (`userid`) REFERENCES `users` (`userid`);

--
-- Constraints for table `register`
--
ALTER TABLE `register`
  ADD CONSTRAINT `register_ibfk_1` FOREIGN KEY (`userid`) REFERENCES `users` (`userid`),
  ADD CONSTRAINT `register_ibfk_2` FOREIGN KEY (`housenum`) REFERENCES `house` (`housenum`),
  ADD CONSTRAINT `register_ibfk_3` FOREIGN KEY (`blockname`) REFERENCES `blocks` (`blockname`),
  ADD CONSTRAINT `register_ibfk_4` FOREIGN KEY (`floornum`) REFERENCES `floors` (`floornum`),
  ADD CONSTRAINT `register_ibfk_5` FOREIGN KEY (`roomname`) REFERENCES `rooms` (`roomname`);

--
-- Constraints for table `registercovid`
--
ALTER TABLE `registercovid`
  ADD CONSTRAINT `registercovid_ibfk_1` FOREIGN KEY (`userid`) REFERENCES `users` (`userid`),
  ADD CONSTRAINT `registercovid_ibfk_2` FOREIGN KEY (`housenum`) REFERENCES `house` (`housenum`),
  ADD CONSTRAINT `registercovid_ibfk_3` FOREIGN KEY (`blockname`) REFERENCES `blocks` (`blockname`),
  ADD CONSTRAINT `registercovid_ibfk_4` FOREIGN KEY (`floornum`) REFERENCES `floors` (`floornum`),
  ADD CONSTRAINT `registercovid_ibfk_5` FOREIGN KEY (`roomname`) REFERENCES `rooms` (`roomname`);

--
-- Constraints for table `users`
--
ALTER TABLE `users`
  ADD CONSTRAINT `users_ibfk_1` FOREIGN KEY (`userlevelid`) REFERENCES `userlevels` (`userlevelid`);
COMMIT;

/*!40101 SET CHARACTER_SET_CLIENT=@OLD_CHARACTER_SET_CLIENT */;
/*!40101 SET CHARACTER_SET_RESULTS=@OLD_CHARACTER_SET_RESULTS */;
/*!40101 SET COLLATION_CONNECTION=@OLD_COLLATION_CONNECTION */;
